plaid_category.0,plaid_category.1,plaid_category.2,category,subCategory,
Bank Fees,ATM,,Financial Services,Banking,
Bank Fees,Cash Advance,,Financial Services,Banking,
Bank Fees,Excess Activity,,Financial Services,Banking,
Bank Fees,Foreign Transaction,,Financial Services,Banking,
Bank Fees,Fraud Dispute,,Financial Services,Banking,
Bank Fees,Insufficient Funds,,Financial Services,Banking,
Bank Fees,Late Payment,,Financial Services,Banking,
Bank Fees,Overdraft,,Financial Services,Banking,
Bank Fees,Wire Transfer,,Financial Services,Banking,
Bank Fees,,,Financial Services,Banking,
Cash Advance,,,Financial Services,Banking,
Community,Animal Shelter,,Nonprofits,Nonprofits,
Community,Assisted Living Services,,Healthcare,Equipment & Services,
Community,Assisted Living Services,Facilities and Nursing Homes,Healthcare,Equipment & Services,
Community,Assisted Living Services,Caretakers,Healthcare,Equipment & Services,
Community,Cemetery,,Professional Services,Other Services,
Community,Courts,,Professional Services,Legal,
Community,Day Care and Preschools,,Professional Services,Childcare Services,
Community,Disabled Persons Services,,Professional Services,Other Services,
Community,Drug and Alcohol Services,,Professional Services,Other Services,
Community,Education,,Education,Education,
Community,Education,Vocational Schools,Education,Education,
Community,Education,Tutoring and Educational Services,Education,Education,
Community,Education,Primary and Secondary Schools,Education,Education,
Community,Education,Fraternities and Sororities,Education,Education,
Community,Education,Driving Schools,Education,Education,
Community,Education,Dance Schools,Education,Education,
Community,Education,Culinary Lessons and Schools,Education,Education,
Community,Education,Computer Training,Education,Education,
Community,Education,Colleges and Universities,Education,Education,
Community,Education,Art School,Education,Education,
Community,Education,Adult Education,Education,Education,
Community,Government Departments and Agencies,,Municipalities,Other,
Community,Government Lobbyists,,,,hide
Community,Housing Assistance and Shelters,,Nonprofits,Nonprofits,
Community,Law Enforcement,,Municipalities,Local,
Community,Law Enforcement,Police Stations,Municipalities,Local,
Community,Law Enforcement,Fire Stations,Municipalities,Local,
Community,Law Enforcement,Correctional Institutions,Municipalities,Local,
Community,Libraries,,Municipalities,Local,
Community,Military,,,,hide
Community,Organizations and Associations,,Nonprofits,Nonprofits,
Community,Organizations and Associations,Youth Organizations,Nonprofits,Nonprofits,
Community,Organizations and Associations,Environmental,Nonprofits,Nonprofits,
Community,Organizations and Associations,Charities and Non-Profits,Nonprofits,Nonprofits,
Community,Post Offices,,Municipalities,Local,
Community,Public and Social Services,,Nonprofits,Nonprofits,
Community,Religious,,Municipalities,Local,
Community,Religious,Temple,Municipalities,Local,
Community,Religious,Synagogues,Municipalities,Local,
Community,Religious,Mosques,Municipalities,Local,
Community,Religious,Churches,Municipalities,Local,
Community,Senior Citizen Services,,Professional Services,Other Services,
Community,Senior Citizen Services,Retirement,Professional Services,Other Services,
Community,,,Nonprofits,Nonprofits,
Food and Drink,Bar,,Dining Out,Bars & Wineries,
Food and Drink,Bar,Wine Bar,Dining Out,Bars & Wineries,
Food and Drink,Bar,Sports Bar,Dining Out,Bars & Wineries,
Food and Drink,Bar,Hotel Lounge,Dining Out,Bars & Wineries,
Food and Drink,Breweries,,Dining Out,Bars & Wineries,
Food and Drink,Internet Cafes,,Dining Out,Cafes & Bakeries,
Food and Drink,Nightlife,,Dining Out,Bars & Wineries,
Food and Drink,Nightlife,Strip Club,,,hide
Food and Drink,Nightlife,Night Clubs,Dining Out,Bars & Wineries,
Food and Drink,Nightlife,Karaoke,Dining Out,Bars & Wineries,
Food and Drink,Nightlife,Jazz and Blues Cafe,Dining Out,Bars & Wineries,
Food and Drink,Nightlife,Hookah Lounges,Dining Out,Bars & Wineries,
Food and Drink,Nightlife,Adult Entertainment,,,hide
Food and Drink,Restaurants,,Dining Out,Restaurants,
Food and Drink,Restaurants,Winery,Dining Out,Bars & Wineries,
Food and Drink,Restaurants,Vegan and Vegetarian,Dining Out,Restaurants,
Food and Drink,Restaurants,Turkish,Dining Out,Restaurants,
Food and Drink,Restaurants,Thai,Dining Out,Restaurants,
Food and Drink,Restaurants,Swiss,Dining Out,Restaurants,
Food and Drink,Restaurants,Sushi,Dining Out,Restaurants,
Food and Drink,Restaurants,Steakhouses,Dining Out,Restaurants,
Food and Drink,Restaurants,Spanish,Dining Out,Restaurants,
Food and Drink,Restaurants,Seafood,Dining Out,Restaurants,
Food and Drink,Restaurants,Scandinavian,Dining Out,Restaurants,
Food and Drink,Restaurants,Portuguese,Dining Out,Restaurants,
Food and Drink,Restaurants,Pizza,Dining Out,Restaurants,
Food and Drink,Restaurants,Moroccan,Dining Out,Restaurants,
Food and Drink,Restaurants,Middle Eastern,Dining Out,Restaurants,
Food and Drink,Restaurants,Mexican,Dining Out,Restaurants,
Food and Drink,Restaurants,Mediterranean,Dining Out,Restaurants,
Food and Drink,Restaurants,Latin American,Dining Out,Restaurants,
Food and Drink,Restaurants,Korean,Dining Out,Restaurants,
Food and Drink,Restaurants,Juice Bar,Dining Out,Restaurants,
Food and Drink,Restaurants,Japanese,Dining Out,Restaurants,
Food and Drink,Restaurants,Italian,Dining Out,Restaurants,
Food and Drink,Restaurants,Indonesian,Dining Out,Restaurants,
Food and Drink,Restaurants,Indian,Dining Out,Restaurants,
Food and Drink,Restaurants,Ice Cream,Dining Out,Cafes & Bakeries,
Food and Drink,Restaurants,Greek,Dining Out,Restaurants,
Food and Drink,Restaurants,German,Dining Out,Restaurants,
Food and Drink,Restaurants,Gastropub,Dining Out,Restaurants,
Food and Drink,Restaurants,French,Dining Out,Restaurants,
Food and Drink,Restaurants,Food Truck,Dining Out,Restaurants,
Food and Drink,Restaurants,Fish and Chips,Dining Out,Restaurants,
Food and Drink,Restaurants,Filipino,Dining Out,Restaurants,
Food and Drink,Restaurants,Fast Food,Dining Out,Fast Food,
Food and Drink,Restaurants,Falafel,Dining Out,Restaurants,
Food and Drink,Restaurants,Ethiopian,Dining Out,Restaurants,
Food and Drink,Restaurants,Eastern European,Dining Out,Restaurants,
Food and Drink,Restaurants,Donuts,Dining Out,Cafes & Bakeries,
Food and Drink,Restaurants,Distillery,Dining Out,Bars & Wineries,
Food and Drink,Restaurants,Diners,Dining Out,Restaurants,
Food and Drink,Restaurants,Dessert,Dining Out,Cafes & Bakeries,
Food and Drink,Restaurants,Delis,Dining Out,Restaurants,
Food and Drink,Restaurants,Cupcake Shop,Dining Out,Cafes & Bakeries,
Food and Drink,Restaurants,Cuban,Dining Out,Restaurants,
Food and Drink,Restaurants,Coffee Shop,Dining Out,Cafes & Bakeries,
Food and Drink,Restaurants,Chinese,Dining Out,Restaurants,
Food and Drink,Restaurants,Caribbean,Dining Out,Restaurants,
Food and Drink,Restaurants,Cajun,Dining Out,Restaurants,
Food and Drink,Restaurants,Cafe,Dining Out,Cafes & Bakeries,
Food and Drink,Restaurants,Burrito,Dining Out,Restaurants,
Food and Drink,Restaurants,Burgers,Dining Out,Fast Food,
Food and Drink,Restaurants,Breakfast Spot,Dining Out,Cafes & Bakeries,
Food and Drink,Restaurants,Brazilian,Dining Out,Restaurants,
Food and Drink,Restaurants,Barbecue,Dining Out,Restaurants,
Food and Drink,Restaurants,Bakery,Dining Out,Cafes & Bakeries,
Food and Drink,Restaurants,Bagel Shop,Dining Out,Cafes & Bakeries,
Food and Drink,Restaurants,Australian,Dining Out,Restaurants,
Food and Drink,Restaurants,Asian,Dining Out,Restaurants,
Food and Drink,Restaurants,American,Dining Out,Restaurants,
Food and Drink,Restaurants,African,Dining Out,Restaurants,
Food and Drink,Restaurants,Afghan,Dining Out,Restaurants,
Food and Drink,,,Dining Out,Cafes & Bakeries,
Healthcare,Healthcare Services,,Healthcare,Equipment & Services,
Healthcare,Healthcare Services,Psychologists,Healthcare,Equipment & Services,
Healthcare,Healthcare Services,Pregnancy and Sexual Health,Healthcare,Equipment & Services,
Healthcare,Healthcare Services,Podiatrists,Healthcare,Equipment & Services,
Healthcare,Healthcare Services,Physical Therapy,Healthcare,Equipment & Services,
Healthcare,Healthcare Services,Optometrists,Healthcare,Equipment & Services,
Healthcare,Healthcare Services,Nutritionists,Healthcare,Equipment & Services,
Healthcare,Healthcare Services,Nurses,Healthcare,Equipment & Services,
Healthcare,Healthcare Services,Mental Health,Healthcare,Equipment & Services,
Healthcare,Healthcare Services,Medical Supplies and Labs,Healthcare,Equipment & Services,
Healthcare,Healthcare Services,Hospitals,Healthcare,Equipment & Services,
Healthcare,Healthcare Services,Emergency Services,Healthcare,Equipment & Services,
Healthcare,Healthcare Services,Dentists,Healthcare,Equipment & Services,
Healthcare,Healthcare Services,Counseling and Therapy,Healthcare,Equipment & Services,
Healthcare,Healthcare Services,Chiropractors,Healthcare,Equipment & Services,
Healthcare,Healthcare Services,Blood Banks and Centers,Healthcare,Equipment & Services,
Healthcare,Healthcare Services,Alternative Medicine,Healthcare,Equipment & Services,
Healthcare,Healthcare Services,Acupuncture,Healthcare,Equipment & Services,
Healthcare,Healthcare Services,"Hospitals, Clinics and Medical Centers",Healthcare,,
Healthcare,Physicians,,Healthcare,Providers,
Healthcare,Physicians,Urologists,Healthcare,Providers,
Healthcare,Physicians,Respiratory,Healthcare,Providers,
Healthcare,Physicians,Radiologists,Healthcare,Providers,
Healthcare,Physicians,Psychiatrists,Healthcare,Providers,
Healthcare,Physicians,Plastic Surgeons,Healthcare,Providers,
Healthcare,Physicians,Pediatricians,Healthcare,Providers,
Healthcare,Physicians,Pathologists,Healthcare,Providers,
Healthcare,Physicians,Orthopedic Surgeons,Healthcare,Providers,
Healthcare,Physicians,Ophthalmologists,Healthcare,Providers,
Healthcare,Physicians,Oncologists,Healthcare,Providers,
Healthcare,Physicians,Obstetricians and Gynecologists,Healthcare,Providers,
Healthcare,Physicians,Neurologists,Healthcare,Providers,
Healthcare,Physicians,Internal Medicine,Healthcare,Providers,
Healthcare,Physicians,General Surgery,Healthcare,Providers,
Healthcare,Physicians,Gastroenterologists,Healthcare,Providers,
Healthcare,Physicians,Family Medicine,Healthcare,Providers,
Healthcare,Physicians,Ear,Healthcare,Providers,
Healthcare,Physicians,Dermatologists,Healthcare,Providers,
Healthcare,Physicians,Cardiologists,Healthcare,Providers,
Healthcare,Physicians,Anesthesiologists,Healthcare,Providers,
Healthcare,,,Healthcare,Equipment & Services,
Interest,Interest Charged,,Financial Services,Banking,hide
Interest,Interest Earned,,Financial Services,Banking,hide
Interest,,,,,hide
Payment,Credit Card,,Financial Services,Banking,
Payment,Loan,,Financial Services,Banking,
Payment,Rent,,Utilities,Utilities,
Payment,,,,,hide
Recreation,Arts and Entertainment,,Media & Entertainment,Other,
Recreation,Arts and Entertainment,Theatrical Productions,Media & Entertainment,Other,
Recreation,Arts and Entertainment,Symphony and Opera,Media & Entertainment,Other,
Recreation,Arts and Entertainment,Sports Venues,Media & Entertainment,Other,
Recreation,Arts and Entertainment,Social Clubs,Media & Entertainment,Other,
Recreation,Arts and Entertainment,Psychics and Astrologers,Media & Entertainment,Other,
Recreation,Arts and Entertainment,Party Centers,Media & Entertainment,Other,
Recreation,Arts and Entertainment,Music and Show Venues,Media & Entertainment,Other,
Recreation,Arts and Entertainment,Museums,Media & Entertainment,Other,
Recreation,Arts and Entertainment,Movie Theatres,Media & Entertainment,Other,
Recreation,Arts and Entertainment,Fairgrounds and Rodeos,Media & Entertainment,Other,
Recreation,Arts and Entertainment,Entertainment,Media & Entertainment,Other,
Recreation,Arts and Entertainment,Dance Halls and Saloons,Media & Entertainment,Other,
Recreation,Arts and Entertainment,Circuses and Carnivals,Media & Entertainment,Other,
Recreation,Arts and Entertainment,Casinos and Gaming,Media & Entertainment,Other,
Recreation,Arts and Entertainment,Bowling,Media & Entertainment,Other,
Recreation,Arts and Entertainment,Billiards and Pool,Media & Entertainment,Other,
Recreation,Arts and Entertainment,Art Dealers and Galleries,Media & Entertainment,Other,
Recreation,Arts and Entertainment,Arcades and Amusement Parks,Media & Entertainment,Other,
Recreation,Arts and Entertainment,Aquarium,Media & Entertainment,Other,
Recreation,Athletic Fields,,Health & Fitness,Sports & Outdoors,
Recreation,Baseball,,Health & Fitness,Sports & Outdoors,
Recreation,Basketball,,Health & Fitness,Sports & Outdoors,
Recreation,Batting Cages,,Health & Fitness,Sports & Outdoors,
Recreation,Boating,,Health & Fitness,Sports & Outdoors,
Recreation,Campgrounds and RV Parks,,Health & Fitness,Sports & Outdoors,
Recreation,Canoes and Kayaks,,Health & Fitness,Sports & Outdoors,
Recreation,Combat Sports,,Health & Fitness,Sports & Outdoors,
Recreation,Cycling,,Health & Fitness,Sports & Outdoors,
Recreation,Dance,,Health & Fitness,Sports & Outdoors,
Recreation,Equestrian,,Health & Fitness,Sports & Outdoors,
Recreation,Football,,Health & Fitness,Sports & Outdoors,
Recreation,Go Carts,,Health & Fitness,Sports & Outdoors,
Recreation,Golf,,Health & Fitness,Sports & Outdoors,
Recreation,Gun Ranges,,Health & Fitness,Sports & Outdoors,
Recreation,Gymnastics,,Health & Fitness,Sports & Outdoors,
Recreation,Gyms and Fitness Centers,,Health & Fitness,Sports & Outdoors,
Recreation,Hiking,,Health & Fitness,Sports & Outdoors,
Recreation,Hockey,,Health & Fitness,Sports & Outdoors,
Recreation,Hot Air Balloons,,Health & Fitness,Sports & Outdoors,
Recreation,Hunting and Fishing,,Health & Fitness,Sports & Outdoors,
Recreation,Landmarks,,Travel,Attractions,
Recreation,Landmarks,Monuments and Memorials,Travel,Attractions,
Recreation,Landmarks,Historic Sites,Travel,Attractions,
Recreation,Landmarks,Gardens,Travel,Attractions,
Recreation,Landmarks,Buildings and Structures,Travel,Attractions,
Recreation,Miniature Golf,,Health & Fitness,Sports & Outdoors,
Recreation,Outdoors,,Health & Fitness,Sports & Outdoors,
Recreation,Outdoors,Rivers,Health & Fitness,Sports & Outdoors,
Recreation,Outdoors,Mountains,Health & Fitness,Sports & Outdoors,
Recreation,Outdoors,Lakes,Health & Fitness,Sports & Outdoors,
Recreation,Outdoors,Forests,Health & Fitness,Sports & Outdoors,
Recreation,Outdoors,Beaches,Health & Fitness,Sports & Outdoors,
Recreation,Paintball,,Health & Fitness,Sports & Outdoors,
Recreation,Parks,,Health & Fitness,Sports & Outdoors,
Recreation,Parks,Playgrounds,Health & Fitness,Sports & Outdoors,
Recreation,Parks,Picnic Areas,Health & Fitness,Sports & Outdoors,
Recreation,Parks,Natural Parks,Health & Fitness,Sports & Outdoors,
Recreation,Personal Trainers,,Health & Fitness,Sports & Outdoors,
Recreation,Race Tracks,,Health & Fitness,Sports & Outdoors,
Recreation,Racquet Sports,,Health & Fitness,Sports & Outdoors,
Recreation,Racquetball,,Health & Fitness,Sports & Outdoors,
Recreation,Rafting,,Health & Fitness,Sports & Outdoors,
Recreation,Recreation Centers,,Health & Fitness,Sports & Outdoors,
Recreation,Rock Climbing,,Health & Fitness,Sports & Outdoors,
Recreation,Running,,Health & Fitness,Sports & Outdoors,
Recreation,Scuba Diving,,Health & Fitness,Sports & Outdoors,
Recreation,Skating,,Health & Fitness,Sports & Outdoors,
Recreation,Skydiving,,Health & Fitness,Sports & Outdoors,
Recreation,Snow Sports,,Health & Fitness,Sports & Outdoors,
Recreation,Soccer,,Health & Fitness,Sports & Outdoors,
Recreation,Sports and Recreation Camps,,Health & Fitness,Sports & Outdoors,
Recreation,Sports Clubs,,Health & Fitness,Sports & Outdoors,
Recreation,Stadiums and Arenas,,Media & Entertainment,Other,
Recreation,Swimming,,Health & Fitness,Sports & Outdoors,
Recreation,Tennis,,Health & Fitness,Sports & Outdoors,
Recreation,Water Sports,,Health & Fitness,Sports & Outdoors,
Recreation,Yoga and Pilates,,Health & Fitness,Sports & Outdoors,
Recreation,Zoo,,Health & Fitness,Sports & Outdoors,
Recreation,,,Health & Fitness,Sports & Outdoors,
Service,Advertising and Marketing,,Professional Services,Marketing Services,
Service,Advertising and Marketing,Writing,Professional Services,Marketing Services,
Service,Advertising and Marketing,Search Engine Marketing and Optimization,Professional Services,Marketing Services,
Service,Advertising and Marketing,Public Relations,Professional Services,Communication,
Service,Advertising and Marketing,Promotional Items,Professional Services,Marketing Services,
Service,Advertising and Marketing,Print,Professional Services,Marketing Services,
Service,Advertising and Marketing,Online Advertising,Professional Services,Marketing Services,
Service,Advertising and Marketing,Market Research and Consulting,Professional Services,Marketing Services,
Service,Advertising and Marketing,Direct Mail and Email Marketing Services,Professional Services,Marketing Services,
Service,Advertising and Marketing,Creative Services,Professional Services,Digital Services,
Service,Advertising and Marketing,Advertising Agencies and Media Buyers,Professional Services,Marketing Services,
Service,Agriculture and Forestry,,Agriculture & Forestry,Agriculture & Forestry,
Service,Agriculture and Forestry,Crop Production,Agriculture & Forestry,Agriculture & Forestry,
Service,Agriculture and Forestry,Forestry,Agriculture & Forestry,Agriculture & Forestry,
Service,Agriculture and Forestry,Livestock and Animals,Agriculture & Forestry,Agriculture & Forestry,
Service,Agriculture and Forestry,Services,Agriculture & Forestry,Agriculture & Forestry,
Service,Art and Graphic Design,,Professional Services,Digital Services,
Service,Art Restoration,,Professional Services,Other Services,
Service,Audiovisual,,Professional Services,Digital Services,
Service,Automation and Control Systems,,Technology,Software,
Service,Automotive,,Retail,Automobiles & Parts,
Service,Automotive,Towing,Retail,Automobiles & Parts,
Service,Automotive,Motorcycle,Retail,Automobiles & Parts,
Service,Automotive,Maintenance and Repair,Retail,Automobiles & Parts,
Service,Automotive,Car Wash and Detail,Retail,Automobiles & Parts,
Service,Automotive,Car Appraisers,Retail,Automobiles & Parts,
Service,Automotive,Auto Transmission,Retail,Automobiles & Parts,
Service,Automotive,Auto Tires,Retail,Automobiles & Parts,
Service,Automotive,Auto Smog Check,Retail,Automobiles & Parts,
Service,Automotive,Auto Oil and Lube,Retail,Automobiles & Parts,
Service,Business and Strategy Consulting,,Professional Services,Consulting,
Service,Business Services,,Professional Services,Consulting,
Service,Business Services,Printing and Publishing,Media & Entertainment,Publishing,
Service,Cable,,Technology,Telecommunications,
Service,Chemicals and Gasses,,Manufacturing,Chemicals,
Service,Cleaning,,Professional Services,Cleaning Services,
Service,Computers,,Professional Services,Computer Services,
Service,Computers,Maintenance and Repair,Professional Services,Computer Services,
Service,Computers,Software Development,Technology,Software,
Service,Construction,,Professional Services,Building Services,
Service,Construction,Specialty,Professional Services,Building Services,
Service,Construction,Roofers,Professional Services,Building Services,
Service,Construction,Painting,Professional Services,Building Services,
Service,Construction,Masonry,Professional Services,Building Services,
Service,Construction,Infrastructure,Professional Services,Building Services,
Service,Construction,Heating,Professional Services,Building Services,
Service,Construction,Electricians,Professional Services,Building Services,
Service,Construction,Contractors,Professional Services,Building Services,
Service,Construction,Carpet and Flooring,Professional Services,Building Services,
Service,Construction,Carpenters,Professional Services,Building Services,
Service,Credit Counseling and Bankruptcy Services,,Financial Services,Other,
Service,Dating and Escort,,,,hide
Service,Employment Agencies,,Professional Services,Other Services,
Service,Engineering,,Professional Services,Other Services,
Service,Entertainment,,Media & Entertainment,Other,
Service,Entertainment,Media,Media & Entertainment,Other,
Service,Events and Event Planning,,Professional Services,Events,
Service,Financial,,Financial Services,Other,
Service,Financial,Taxes,Financial Services,Taxes,
Service,Financial,Student Aid and Grants,Financial Services,Other,
Service,Financial,Stock Brokers,Financial Services,Other,
Service,Financial,Loans and Mortgages,Financial Services,Consumer Finance,
Service,Financial,Holding and Investment Offices,Financial Services,Capital Markets,
Service,Financial,Fund Raising,Financial Services,Other,
Service,Financial,Financial Planning and Investments,Financial Services,Capital Markets,
Service,Financial,Credit Reporting,Financial Services,Consumer Finance,
Service,Financial,Collections,Financial Services,Other,
Service,Financial,Check Cashing,Financial Services,Other,
Service,Financial,Business Brokers and Franchises,Financial Services,Other,
Service,Financial,Banking and Finance,Financial Services,Banking,
Service,Financial,ATMs,Financial Services,Banking,
Service,Financial,Accounting and Bookkeeping,Financial Services,Other,
Service,Food and Beverage,,Dining Out,Restaurants,
Service,Food and Beverage,Distribution,Retail,Wholesale,
Service,Food and Beverage,Catering,Professional Services,Catering,
Service,Funeral Services,,Professional Services,Other Services,
Service,Geological,,Professional Services,Other Services,
Service,Home Improvement,,Home & Garden,Home Improvement,
Service,Home Improvement,Upholstery,Home & Garden,Home Improvement,
Service,Home Improvement,Tree Service,Home & Garden,Home Improvement,
Service,Home Improvement,Swimming Pool Maintenance and Services,Home & Garden,Home Improvement,
Service,Home Improvement,Storage,Home & Garden,Home Improvement,
Service,Home Improvement,Roofers,Home & Garden,Home Improvement,
Service,Home Improvement,Pools and Spas,Home & Garden,Home Improvement,
Service,Home Improvement,Plumbing,Home & Garden,Home Improvement,
Service,Home Improvement,Pest Control,Home & Garden,Home Improvement,
Service,Home Improvement,Painting,Home & Garden,Home Improvement,
Service,Home Improvement,Movers,Home & Garden,Home Improvement,
Service,Home Improvement,Mobile Homes,Home & Garden,Home Improvement,
Service,Home Improvement,Lighting Fixtures,Home & Garden,Home Improvement,
Service,Home Improvement,Landscaping and Gardeners,Professional Services,Landscaping,
Service,Home Improvement,Kitchens,Home & Garden,Home Improvement,
Service,Home Improvement,Interior Design,Home & Garden,Home Improvement,
Service,Home Improvement,Housewares,Home & Garden,Home Improvement,
Service,Home Improvement,Home Inspection Services,Home & Garden,Home Improvement,
Service,Home Improvement,Home Appliances,Home & Garden,Appliances,
Service,Home Improvement,Heating,Home & Garden,Home Improvement,
Service,Home Improvement,Hardware and Services,Home & Garden,Home Improvement,
Service,Home Improvement,Fences,Home & Garden,Home Improvement,
Service,Home Improvement,Electricians,Home & Garden,Home Improvement,
Service,Home Improvement,Doors and Windows,Home & Garden,Home Improvement,
Service,Home Improvement,Contractors,Home & Garden,Home Improvement,
Service,Home Improvement,Carpet and Flooring,Home & Garden,Home Improvement,
Service,Home Improvement,Carpenters,Home & Garden,Home Improvement,
Service,Home Improvement,Architects,Professional Services,"Architecture, Eng. & Design",
Service,Household,,Professional Services,Cleaning Services,
Service,Human Resources,,Professional Services,Other Services,
Service,Immigration,,Professional Services,Legal,
Service,Import and Export,,Professional Services,Supply Chain,
Service,Industrial Machinery and Vehicles,,Retail,Automobiles & Parts,
Service,Insurance,,Financial Services,Insurance,
Service,Internet Services,,Technology,Telecommunications,
Service,Leather,,Manufacturing,Household Goods & Apparel,
Service,Legal,,Professional Services,Legal,
Service,Logging and Sawmills,,Agriculture & Forestry,Agriculture & Forestry,
Service,Machine Shops,,Manufacturing,Commercial Machinery,
Service,Management,,Professional Services,Other Services,
Service,Manufacturing,,,,hide
Service,Manufacturing,Apparel and Fabric Products,Manufacturing,Household Goods & Apparel,
Service,Manufacturing,Chemicals and Gasses,Manufacturing,Chemicals,
Service,Manufacturing,Computers and Office Machines,Manufacturing,Semiconductors & Equipment,
Service,Manufacturing,Electrical Equipment and Components,Manufacturing,Semiconductors & Equipment,
Service,Manufacturing,Food and Beverage,Manufacturing,Food & Beverage,
Service,Manufacturing,Furniture and Fixtures,Manufacturing,Household Goods & Apparel,
Service,Manufacturing,Glass Products,Manufacturing,Basic Resources,
Service,Manufacturing,Industrial Machinery and Equipment,Manufacturing,Industrial Goods,
Service,Manufacturing,Leather Goods,Manufacturing,Household Goods & Apparel,
Service,Manufacturing,Metal Products,Manufacturing,Basic Resources,
Service,Manufacturing,Nonmetallic Mineral Products,Manufacturing,Basic Resources,
Service,Manufacturing,Paper Products,Manufacturing,Paper Products,
Service,Manufacturing,Petroleum,Manufacturing,Energy,
Service,Manufacturing,Plastic Products,Manufacturing,Basic Resources,
Service,Manufacturing,Rubber Products,Manufacturing,Basic Resources,
Service,Manufacturing,Service Instruments,Retail,Other Retail,
Service,Manufacturing,Textiles,Manufacturing,Household Goods & Apparel,
Service,Manufacturing,Tobacco,Tobacco & Alcohol,Tobacco & Alcohol,
Service,Manufacturing,Transportation Equipment,Manufacturing,Commercial Machinery,
Service,Manufacturing,Wood Products,Manufacturing,Basic Resources,
Service,Media Production,,Professional Services,Digital Services,
Service,Metals,,,,hide
Service,Mining,,Manufacturing,Basic Resources,
Service,Mining,Coal,Manufacturing,Basic Resources,
Service,Mining,Metal,Manufacturing,Basic Resources,
Service,Mining,Non-Metallic Minerals,Manufacturing,Basic Resources,
Service,News Reporting,,Manufacturing,Basic Resources,
Service,Oil and Gas,,Oil & Gas,Oil & Gas,
Service,Packaging,,Manufacturing,Packaging,
Service,Paper,,Manufacturing,Paper Products,
Service,Personal Care,,Personal Care,General,
Service,Personal Care,Tattooing,Personal Care,General,
Service,Personal Care,Tanning Salons,Personal Care,General,
Service,Personal Care,Spas,Personal Care,General,
Service,Personal Care,Skin Care,Personal Care,Skincare,
Service,Personal Care,Piercing,Personal Care,General,
Service,Personal Care,Massage Clinics and Therapists,Personal Care,General,
Service,Personal Care,Manicures and Pedicures,Personal Care,General,
Service,Personal Care,Laundry and Garment Services,Professional Services,Other Services,
Service,Personal Care,Hair Salons and Barbers,Personal Care,General,
Service,Personal Care,Hair Removal,Personal Care,General,
Service,Petroleum,,Retail,Gas Stations,
Service,Photography,,Professional Services,Photography,
Service,Plastics,,Manufacturing,Household Goods & Apparel,
Service,Rail,,Travel,Transportation,
Service,Real Estate,,Real Estate,Real Estate,
Service,Real Estate,Real Estate Development and Title Companies,Real Estate,Real Estate,
Service,Real Estate,Real Estate Appraiser,Real Estate,Real Estate,
Service,Real Estate,Real Estate Agents,Real Estate,Real Estate,
Service,Real Estate,Property Management,Real Estate,Real Estate,
Service,Real Estate,Corporate Housing,Real Estate,Real Estate,
Service,Real Estate,Commercial Real Estate,Real Estate,Real Estate,
Service,Real Estate,Building and Land Surveyors,Real Estate,Real Estate,
Service,Real Estate,Boarding Houses,Real Estate,Real Estate,
Service,Real Estate,Apartments,Real Estate,Real Estate,
Service,Real Estate,Rent,Real Estate,Real Estate,
Service,Refrigeration and Ice,,Professional Services,Other Services,
Service,Renewable Energy,,Utilities,Utilities,
Service,Repair Services,,Professional Services,Building Services,
Service,Research,,Professional Services,Other Services,
Service,Rubber,,Manufacturing,Basic Resources,
Service,Scientific,,Professional Services,Other Services,
Service,Security and Safety,,Professional Services,Other Services,
Service,Shipping and Freight,,Supply Chain,,
Service,Software Development,,Technology,Software,
Service,Storage,,Professional Services,Other Services,
Service,Subscription,,Media & Entertainment,Streaming Services,
Service,Tailors,,Professional Services,Other Services,
Service,Telecommunication Services,,Technology,Telecommunications,
Service,Textiles,,Professional Services,Other Services,
Service,Tourist Information and Services,,Travel,Travel Services,
Service,Transportation,,Travel,Transportation,
Service,Travel Agents and Tour Operators,,Travel,Travel Services,
Service,Utilities,,Utilities,Utilities,
Service,Utilities,Water,Utilities,Utilities,
Service,Utilities,Sanitary and Waste Management,Utilities,Utilities,
Service,Utilities,Heating,Utilities,Utilities,
Service,Utilities,Gas,Utilities,Utilities,
Service,Utilities,Electric,Utilities,Utilities,
Service,Veterinarians,,Professional Services,Other Services,
Service,Water and Waste Management,,Professional Services,Other Services,
Service,Web Design and Development,,Professional Services,Digital Services,
Service,Welding,,Manufacturing,Industrial Goods,
Service,,,Professional Services,Other Services,
Shops,Adult,,Retail ,Other,hide
Shops,Antiques,,Retail ,Other Retail,
Shops,Arts and Crafts,,Retail ,Other Retail,
Shops,Auctions,,Retail ,Other Retail,
Shops,Automotive,Used Car Dealers,Retail,Automobiles & Parts,
Shops,Automotive,Salvage Yards,Retail,Automobiles & Parts,
Shops,Automotive,RVs and Motor Homes,Retail,Automobiles & Parts,
Shops,Automotive,Motorcycles,Retail,Automobiles & Parts,
Shops,Automotive,Classic and Antique Car,Retail,Automobiles & Parts,
Shops,Automotive,Car Parts and Accessories,Retail,Automobiles & Parts,
Shops,Automotive,Car Dealers and Leasing,Retail,Automobiles & Parts,
Shops,Beauty Products,,Personal Care,Cosmetics,
Shops,Bicycles,,Retail,Sports & Outdoors,
Shops,Boat Dealers,,Health & Fitness,Sports & Outdoors,
Shops,Bookstores,,Retail,Other Retail,
Shops,Cards and Stationery,,Retail,Office,
Shops,Children,,Retail,Baby,
Shops,Clothing and Accessories,,Apparel,Clothing,
Shops,Clothing and Accessories,Women's Store,Apparel,Clothing,
Shops,Clothing and Accessories,Swimwear,Apparel,Clothing,
Shops,Clothing and Accessories,Shoe Store,Apparel,Shoes,
Shops,Clothing and Accessories,Men's Store,Apparel,Clothing,
Shops,Clothing and Accessories,Lingerie Store,Apparel,Clothing,
Shops,Clothing and Accessories,Kids' Store,Retail,Baby,
Shops,Clothing and Accessories,Boutique,Apparel,Clothing,
Shops,Clothing and Accessories,Accessories Store,Apparel,Accessories,
Shops,Computers and Electronics,,Retail,Electronics,
Shops,Computers and Electronics,Video Games,Media & Entertainment,Video Games,
Shops,Computers and Electronics,Mobile Phones,Retail,Electronics,
Shops,Computers and Electronics,Cameras,Retail,Electronics,
Shops,Construction Supplies,,Professional Services,Building Services,
Shops,Convenience Stores,,Retail,Groceries,
Shops,Costumes,,Apparel,Clothing,
Shops,Dance and Music,,Retail,Other Retail,
Shops,Department Stores,,Retail,Department Stores,
Shops,Digital Purchase,,Retail,Other Retail,
Shops,Discount Stores,,Retail,Other Retail,
Shops,Electrical Equipment,,Retail,Electronics,
Shops,Equipment Rental,,Professional Services,Other Services,
Shops,Flea Markets,,Retail,Other Retail,
Shops,Florists,,Home & Garden,Home Decor,
Shops,Food and Beverage Store,,Dining Out,Restaurants,
Shops,Food and Beverage Store,Specialty,Retail,Other Retail,
Shops,Food and Beverage Store,Health Food,Retail,Other Retail,
Shops,Food and Beverage Store,Farmers Markets,Retail,Other Retail,
Shops,Food and Beverage Store,"Beer, Wine and Spirits",Retail,Other Retail,
Shops,Food and Beverage Store,Beer,Retail,Other Retail,
Shops,Fuel Dealer,,Retail,Gas Stations,
Shops,Furniture and Home Decor,,Home & Garden,Home Decor,
Shops,Gift and Novelty,,Retail,Other Retail,
Shops,Glasses and Optometrist,,Healthcare,Equipment & Services,
Shops,Hardware Store,,Home & Garden,Home Decor,
Shops,Hobby and Collectibles,,Retail,Other Retail,
Shops,Industrial Supplies,,Retail,Other Retail,
Shops,Jewelry and Watches,,Apparel,Accessories,
Shops,Lawn and Garden,,Home & Garden,Garden,
Shops,Luggage,,Apparel,Accessories,
Shops,Marine Supplies,,Retail,Other Retail,
Shops,Music,,,,media and entertainment or retail?
Shops,"Music, Video and DVD",,Retail,Other Retail,
Shops,Musical Instruments,,Retail,Other Retail,
Shops,Newsstands,,Retail,Other Retail,
Shops,Office Supplies,,Retail,Office,
Shops,Outlet,,Retail,Department Stores,
Shops,Outlet,Women's Store,Apparel,Clothing,
Shops,Outlet,Swimwear,Apparel,Clothing,
Shops,Outlet,Shoe Store,Apparel,Shoes,
Shops,Outlet,Men's Store,Apparel,Clothing,
Shops,Outlet,Lingerie Store,Apparel,Clothing,
Shops,Outlet,Kids' Store,Retail,Baby,
Shops,Outlet,Boutique,Apparel,Clothing,
Shops,Outlet,Accessories Store,Apparel,Accessories,
Shops,Pawn Shops,,Retail,Other Retail,
Shops,Pets,,Retail,Pets,
Shops,Pharmacies,,Retail,Pharmacy,
Shops,Photos and Frames,,Retail,Other Retail,
Shops,Shopping Centers and Malls,,Retail,Department Stores,
Shops,Sporting Goods,,Retail,Sports & Outdoors,
Shops,Supermarkets and Groceries,,Retail,Groceries,
Shops,Tobacco,,Tobacco & Alcohol, Alcohol & Tobacco,
Shops,Toys,,Retail,Baby,
Shops,Vintage and Thrift,,Retail,Other Retail,
Shops,Warehouses and Wholesale Stores,,Retail,Wholesale,
Shops,Wedding and Bridal,,Apparel,Clothing,
Shops,Wholesale,,Retail,Wholesale,
Shops,,,Retail,Other Retail,
Tax,Payment,,,,hide?
Tax,Refund,,,,hide
Tax,,,,,hide
Transfer,ACH,,Financial Services,Banking,
Transfer,Billpay,,Financial Services,Banking,hide?
Transfer,Check,,Financial Services,Banking,hide
Transfer,Credit,,,,hide?
Transfer,Debit,,Financial Services,Banking,hide?
Transfer,Deposit,,Financial Services,Banking,hide?
Transfer,Deposit,Check,Financial Services,Banking,hide?
Transfer,Deposit,ATM,Financial Services,Banking,hide?
Transfer,Internal Account Transfer,,Financial Services,Banking,hide?
Transfer,Keep the Change Savings Program,,,,hide?
Transfer,Payroll,,,,hide?
Transfer,Payroll,Benefits,,,hide?
Transfer,Save As You Go,,,,hide?
Transfer,Third Party,,,,hide?
Transfer,Third Party,Venmo,,,hide?
Transfer,Third Party,Square Cash,,,hide?
Transfer,Third Party,Square,,,hide?
Transfer,Third Party,PayPal,,,hide?
Transfer,Third Party,Dwolla,,,hide?
Transfer,Third Party,Coinbase,,,hide?
Transfer,Third Party,Chase QuickPay,,,hide?
Transfer,Third Party,Acorns,,,hide?
Transfer,Third Party,Digit,,,hide?
Transfer,Third Party,Betterment,,,hide?
Transfer,Third Party,Plaid,,,hide?
Transfer,Wire,,Financial Services,Banking,hide?
Transfer,Withdrawal,,Financial Services,Banking,hide?
Transfer,Withdrawal,Check,Financial Services,Banking,hide?
Transfer,Withdrawal,ATM,Financial Services,Banking,hide?
Transfer,,,,,hide?
Travel,Airlines and Aviation Services,,Travel,Airlines,
Travel,Airports,,Travel,Airlines,
Travel,Boat,,Travel,Transportation,
Travel,Bus Stations,,Travel,Transportation,
Travel,Car and Truck Rentals,,Travel,Rentals & Excursions,
Travel,Car Service,,Travel,Travel Services,
Travel,Car Service,Ride Share,Travel,Transportation,
Travel,Charter Buses,,Travel,Transportation,
Travel,Cruises,,Travel,Transportation,
Travel,Gas Stations,,Retail,Gas Stations,
Travel,Heliports,,Travel,Transportation,
Travel,Limos and Chauffeurs,,Travel,Transportation,
Travel,Lodging,,Travel,Accommodations,
Travel,Lodging,Resorts,Travel,Accommodations,
Travel,Lodging,Lodges and Vacation Rentals,Travel,Accommodations,
Travel,Lodging,Hotels and Motels,Travel,Accommodations,
Travel,Lodging,Hostels,Travel,Accommodations,
Travel,Lodging,Cottages and Cabins,Travel,Accommodations,
Travel,Lodging,Bed and Breakfasts,Travel,Accommodations,
Travel,Parking,,Travel ,Transportation,
Travel,Public Transportation Services,,Travel,Transportation,
Travel,Rail,,Travel,Transportation,
Travel,Taxi,,Travel,Transportation,
Travel,Tolls and Fees,,Travel,Transportation,
Travel,Transportation Centers,,Travel,Transportation,
Travel,,,Travel,Travel Services,