action,type,original,companyId,companyName
ADD,MANUAL,Adobe Inc,621b99305f87e75f5365a261,
ADD,FALSE_POSITIVE,Call App,,
ADD,FALSE_POSITIVE,Cbs Mobile App,,
ADD,FALSE_POSITIVE,David Ray Byrn,,
ADD,FALSE_POSITIVE,Echo Wall LLC,,
ADD,FALSE_POSITIVE,Game House,,
ADD,FALSE_POSITIVE,Hfg Product,,
ADD,FALSE_POSITIVE,Inspired Square,,
ADD,FALSE_POSITIVE,Jacob Hamersly,,
ADD,FALSE_POSITIVE,Melsoft,,
ADD,MANUAL,Microsoft Apps,621b99375f87e75f5365a661,
ADD,FALSE_POSITIVE,Miniclip,,
ADD,FALSE_POSITIVE,Robokiller,,
ADD,FALSE_POSITIVE,Royal Match,,
ADD,FALSE_POSITIVE,Samfinaco,,
ADD,FALSE_POSITIVE,Say Games,,
ADD,FALSE_POSITIVE,Shabunia,,
ADD,FALSE_POSITIVE,Shanil Singh,,
ADD,FALSE_POSITIVE,Playrix Games,,
ADD,FALSE_POSITIVE,Snapchat,,
ADD,FALSE_POSITIVE,Social Impact,,
ADD,FALSE_POSITIVE,Talkatone,,
ADD,FALSE_POSITIVE,Tango Me,,
ADD,FALSE_POSITIVE,Thi Bui Lam,,
ADD,FALSE_POSITIVE,Tik Tok Live,,
ADD,FALSE_POSITIVE,Vulcan Products,,
ADD,FALSE_POSITIVE,Webelinx Games,,
ADD,FALSE_POSITIVE,Wondershare,,
ADD,FALSE_POSITIVE,Yang Jun,,
REMOVE,MANUAL,Shaws,621b99eb5f87e75f53660f31,Shaws of Darwen
REMOVE,MANUAL,Spectrum,621b993a5f87e75f5365a861,Spectrum Brands Holdings
ADD,MANUAL,Hotels.com,621b99335f87e75f5365a459,
ADD,FALSE_POSITIVE,Zip,,
ADD,FALSE_POSITIVE,321 COFFEE,,
ADD,FALSE_POSITIVE,CLEAR,,
ADD,FALSE_POSITIVE,2303code 4029357733,,
ADD,FALSE_POSITIVE,2643code,,
ADD,FALSE_POSITIVE,3945CODE,,
ADD,FALSE_POSITIVE,6296CODE,,
ADD,FALSE_POSITIVE,Food52,,
ADD,FALSE_POSITIVE,POS Debit - Visa Check Card 6323 - PREMIERE CE PREMIERECE.COWA,,
ADD,FALSE_POSITIVE,UNIT,,
ADD,FALSE_POSITIVE,Unit,,
ADD,FALSE_POSITIVE,Hotels,,
ADD,FALSE_POSITIVE,Group,,
ADD,FALSE_POSITIVE,Zip Co,,
ADD,FALSE_POSITIVE,AIG,,
ADD,FALSE_POSITIVE,Aloha,,
ADD,FALSE_POSITIVE,New York City,,
ADD,FALSE_POSITIVE,Alt R,,
ADD,FALSE_POSITIVE,Always,,
ADD,FALSE_POSITIVE,Atrius,,
ADD,FALSE_POSITIVE,Avant,,
ADD,FALSE_POSITIVE,Avant LLC,,
ADD,FALSE_POSITIVE,Avenue,,
ADD,FALSE_POSITIVE,Big Red,,
ADD,FALSE_POSITIVE,Blackrock,,
ADD,FALSE_POSITIVE,Bold LLC,,
ADD,FALSE_POSITIVE,Kernville,,
ADD,FALSE_POSITIVE,Chocolate,,
ADD,FALSE_POSITIVE,Clear,,
ADD,FALSE_POSITIVE,Crypto,,
ADD,FALSE_POSITIVE,Crypto Company,,
ADD,FALSE_POSITIVE,Crypto.com,,
ADD,MANUAL,Delta,621b99325f87e75f5365a371,
ADD,FALSE_POSITIVE,East Bay,,
ADD,FALSE_POSITIVE,Hotelscom,,
ADD,FALSE_POSITIVE,Food Corp,,
ADD,FALSE_POSITIVE,Graham,,
ADD,FALSE_POSITIVE,Grain,,
ADD,FALSE_POSITIVE,Harbor,,
ADD,FALSE_POSITIVE,Harman,,
ADD,FALSE_POSITIVE,Honey,,
ADD,FALSE_POSITIVE,Hurricane,,
ADD,FALSE_POSITIVE,59 Liquor,,
ADD,FALSE_POSITIVE,Liquors LLC,,
ADD,FALSE_POSITIVE,Lobster,,
ADD,FALSE_POSITIVE,Mega Limited,,
ADD,FALSE_POSITIVE,Organics,,
ADD,FALSE_POSITIVE,Pavilion,,
ADD,FALSE_POSITIVE,Princess,,
ADD,FALSE_POSITIVE,Proof,,
ADD,FALSE_POSITIVE,Public,,
ADD,FALSE_POSITIVE,Public Ny,,
ADD,FALSE_POSITIVE,Rocket,,
ADD,FALSE_POSITIVE,Sleep Inc.,,
ADD,FALSE_POSITIVE,The Store,,
ADD,FALSE_POSITIVE,The Ice Cream,,
ADD,FALSE_POSITIVE,The Bu,,
ADD,FALSE_POSITIVE,Vitamin,,
ADD,FALSE_POSITIVE,Whistle,,
ADD,FALSE_POSITIVE,Marsh,,
ADD,MANUAL,Apple Com,621b992e5f87e75f5365a19d,
ADD,MANUAL,Caseys,621b99305f87e75f5365a2b1,
ADD,MANUAL,Caseys La,621b99305f87e75f5365a2b1,
ADD,MANUAL,Caseys Store,621b99305f87e75f5365a2b1,
ADD,MANUAL,Apple.combi,621b992e5f87e75f5365a19d,
ADD,MANUAL,A Eagle Out,62deed637b212526d1e0101b,
ADD,MANUAL,A Eagle,62deed637b212526d1e0101b,
ADD,MANUAL,A Eagle Outfitter,62deed637b212526d1e0101b,
ADD,MANUAL,American Eagel,62deed637b212526d1e0101b,
ADD,MANUAL,American Eagle,62deed637b212526d1e0101b,
ADD,MANUAL,Ae Outfitters Retail Co,62deed637b212526d1e0101b,
ADD,MANUAL,Ae Retail West LLC,62deed637b212526d1e0101b,
ADD,MANUAL,American Eagle Outfit,62deed637b212526d1e0101b,
ADD,MANUAL,Aritzia Century,62def2247b212526d1e0767b,
ADD,MANUAL,Aritzia Greenwich,62def2247b212526d1e0767b,
ADD,MANUAL,Aritzia Soho,62def2247b212526d1e0767b,
ADD,MANUAL,Aritzia The Domain,62def2247b212526d1e0767b,
ADD,MANUAL,Aritzia Westchester,62def2247b212526d1e0767b,
ADD,MANUAL,Asoscomltd,62deef3e7b212526d1e043bc,
ADD,MANUAL,Athleta Online,621b994a5f87e75f5365b139,
ADD,MANUAL,Athleta Us,621b994a5f87e75f5365b139,
ADD,MANUAL,Bananarepublic Us,621b99b35f87e75f5365eecd,
ADD,MANUAL,Bath & Body Wo,621b99b75f87e75f5365f12d,
ADD,MANUAL,Bath And Body,621b99b75f87e75f5365f12d,
ADD,MANUAL,Bath And Body W,621b99b75f87e75f5365f12d,
ADD,MANUAL,Bathandbodyworks,621b99b75f87e75f5365f12d,
ADD,MANUAL,Victorias Secret And C,621b99b75f87e75f5365f135,
ADD,MANUAL,ULTA,621b993b5f87e75f5365a919,
ADD,MANUAL,Peacock Tv LLC,621b99b15f87e75f5365eda5,
ADD,MANUAL,Instant Ink,621b99355f87e75f5365a529,
ADD,MANUAL,T-Mobile,621b993b5f87e75f5365a8a1,
ADD,MANUAL,Disney Mobile,621b99325f87e75f5365a3ad,
ADD,MANUAL,Coach Outlet,621b99bd5f87e75f5365f48d,
ADD,MANUAL,Coach Usa Inc,621b99bd5f87e75f5365f48d,
ADD,MANUAL,Coachoutlet,621b99bd5f87e75f5365f48d,
ADD,MANUAL,Converse Us,621b99b95f87e75f5365f1fd,
ADD,MANUAL,Cos Stores,621b99c15f87e75f5365f6b9,
ADD,MANUAL,Tjmaxx,621b993b5f87e75f5365a89d,
ADD,MANUAL,T.j. Maxx,621b993b5f87e75f5365a89d,
ADD,MANUAL,T J Maxx,621b993b5f87e75f5365a89d,
ADD,MANUAL,Victoria's,621b99b75f87e75f5365f135,
ADD,MANUAL,Domino,621b99325f87e75f5365a3c1,
ADD,MANUAL,Domino's,621b99325f87e75f5365a3c1,
ADD,MANUAL,Foot Locker,621b99345f87e75f5365a489,
ADD,MANUAL,Gap Online,621b99345f87e75f5365a4e5,
ADD,MANUAL,Gap Express C Store,621b99345f87e75f5365a4e5,
ADD,MANUAL,Gap Outlet,621b99345f87e75f5365a4e5,
ADD,MANUAL,Gap Outletcom,621b99345f87e75f5365a4e5,
ADD,MANUAL,Gap Us,621b99345f87e75f5365a4e5,
ADD,MANUAL,Homeaway Reservation Usd Primary,621b99b35f87e75f5365ee95,
ADD,MANUAL,Homeaway Reservation Usd Primary Us,621b99b35f87e75f5365ee95,
ADD,MANUAL,Kiehl's,621b99e75f87e75f53660d35,
ADD,MANUAL,Lululemon Country Club,621b99365f87e75f5365a611,
ADD,MANUAL,Lush Broadway Plaza,62def3d67b212526d1e09430,
ADD,MANUAL,Lush Crabtree Vly,62def3d67b212526d1e09430,
ADD,MANUAL,Lush Online,62def3d67b212526d1e09430,
ADD,MANUAL,Lush The Domain,62def3d67b212526d1e09430,
ADD,MANUAL,Lush Us,62def3d67b212526d1e09430,
ADD,MANUAL,Northface Vf Outdoor,621b99bd5f87e75f5365f4c5,
ADD,MANUAL,Peacock Tv,621b99b15f87e75f5365eda5,
ADD,MANUAL,Peacocktvll,621b99b15f87e75f5365eda5,
ADD,MANUAL,Ultasalonco,621b993b5f87e75f5365a919,
ADD,MANUAL,Pizza Hut,621b99be5f87e75f5365f559,
ADD,MANUAL,Disney Plu,621b99325f87e75f5365a3ad,
ADD,MANUAL,Hellofresh,,
ADD,MANUAL,Dd Doordash Einste,62def1427b212526d1e06483,
ADD,MANUAL,eBay,621b99325f87e75f5365a3e1,
ADD,MANUAL,Double Tree By Hil,621b99b45f87e75f5365ef69,
ADD,MANUAL,UPS,621b993c5f87e75f5365a93d,
ADD,MANUAL,Bathbodyworks,621b99b75f87e75f5365f12d,
ADD,MANUAL,Roku For Hulu LLC,621b99b25f87e75f5365ee4d,
ADD,MANUAL,TJ Maxx,621b993b5f87e75f5365a89d,
ADD,MANUAL,T.j.maxx Egift Card,621b993b5f87e75f5365a89d,
ADD,MANUAL,T.j.maxx,621b993b5f87e75f5365a89d,
ADD,MANUAL,The North,621b99bd5f87e75f5365f4c5,
ADD,MANUAL,The North Face Tanger Outlets At Charleston,621b99bd5f87e75f5365f4c5,
ADD,MANUAL,Thrivecausemetics,62deedae7b212526d1e01a15,
ADD,MANUAL,Urban Out,62def2237b212526d1e0766f,
ADD,MANUAL,Urban Outfitrs,62def2237b212526d1e0766f,
ADD,MANUAL,Urban Outfitters,62def2237b212526d1e0766f,
ADD,MANUAL,Urban Outfitte,62def2237b212526d1e0766f,
ADD,MANUAL,Urban-outfitters,62def2237b212526d1e0766f,
ADD,MANUAL,Urbanoutfit,62def2237b212526d1e0766f,
ADD,MANUAL,Urbanoutfitters,62def2237b212526d1e0766f,
ADD,MANUAL,Victoria's Sec,621b99b75f87e75f5365f135,
ADD,MANUAL,Aritzia Com,62def2247b212526d1e0767b,
ADD,MANUAL,Zara,62def2767b212526d1e07cdc,
ADD,MANUAL,Vuori Clothing,62def20f7b212526d1e074f0,
ADD,MANUAL,Card&#10;ulta.com Ulta.com,621b993b5f87e75f5365a919,
ADD,MANUAL,Cvs,621b99b15f87e75f5365edcd,
REMOVE,MANUAL,Walgreens,,AmerisourceBergen Corp
REMOVE,MANUAL,Best Buy,,"Best Buy Co., Inc."
ADD,MANUAL,Advance Auto,621b992e5f87e75f5365a175,
ADD,MANUAL,Card&;airbnb,62deef257b212526d1e040ea,
ADD,MANUAL,Alaska Airlines,621b992e5f87e75f5365a18d,
ADD,MANUAL,Alaska Airlines-in Flght,621b992e5f87e75f5365a18d,
ADD,MANUAL,Alaska Air In,621b992e5f87e75f5365a18d,
ADD,MANUAL,Alaska Air In Flight,621b992e5f87e75f5365a18d,
ADD,MANUAL,Am Eagle Otfit,62deed637b212526d1e0101b,
ADD,MANUAL,Am Eagle,62deed637b212526d1e0101b,
ADD,MANUAL,Apple,621b992e5f87e75f5365a19d,
ADD,MANUAL,Bill Payment,621b993b5f87e75f5365a8b5,
ADD,MANUAL,Att,621b993b5f87e75f5365a8b5,
ADD,MANUAL,Audible,621b99af5f87e75f5365ec49,
ADD,MANUAL,Avocado Mattress LLC,621b99415f87e75f5365ac05,
ADD,MANUAL,Avocadomatt,621b99415f87e75f5365ac05,
ADD,MANUAL,Reynoldsburg,621b99b75f87e75f5365f12d,
ADD,MANUAL,Bath & Body,621b99b75f87e75f5365f12d,
ADD,MANUAL,Bestbuy,621b99305f87e75f5365a251,
ADD,MANUAL,Bestbuycom,621b99305f87e75f5365a251,
ADD,MANUAL,Microsoft,621b99305f87e75f5365a251,
ADD,MANUAL,Qpbest Buy,621b99305f87e75f5365a251,
ADD,MANUAL,Zipbest,621b99305f87e75f5365a251,
ADD,MANUAL,Bp,62def24a7b212526d1e07975,
ADD,MANUAL,Bp Fdms Cat,62def24a7b212526d1e07975,
ADD,MANUAL,Bp Fdms Inside,62def24a7b212526d1e07975,
ADD,MANUAL,Food Mart,62def24a7b212526d1e07975,
ADD,MANUAL,Bp Gas,62def24a7b212526d1e07975,
ADD,MANUAL,Kingsway,62def24a7b212526d1e07975,
ADD,MANUAL,Bp Products Na,62def24a7b212526d1e07975,
ADD,MANUAL,Arco,62def24a7b212526d1e07975,
ADD,MANUAL,Bp Products North Amer,62def24a7b212526d1e07975,
ADD,MANUAL,Bp Products North Ameri,62def24a7b212526d1e07975,
ADD,MANUAL,Bpchatha,62def24a7b212526d1e07975,
ADD,MANUAL,Bpcanterburqps,62def24a7b212526d1e07975,
ADD,MANUAL,Bpquali,62def24a7b212526d1e07975,
ADD,MANUAL,Bpkamal,62def24a7b212526d1e07975,
ADD,MANUAL,Bpdom,62def24a7b212526d1e07975,
ADD,MANUAL,Bpdelano,62def24a7b212526d1e07975,
ADD,MANUAL,Bpsummit,62def24a7b212526d1e07975,
ADD,MANUAL,Bpricker,62def24a7b212526d1e07975,
ADD,MANUAL,Bpmiddletown,62def24a7b212526d1e07975,
ADD,MANUAL,Bpjbh,62def24a7b212526d1e07975,
ADD,MANUAL,Bpb&d,62def24a7b212526d1e07975,
ADD,MANUAL,Bpspeedup,62def24a7b212526d1e07975,
ADD,MANUAL,Bpbp,62def24a7b212526d1e07975,
ADD,MANUAL,Bppetro,62def24a7b212526d1e07975,
ADD,MANUAL,Bpcashiers,62def24a7b212526d1e07975,
ADD,MANUAL,Bpgardens,62def24a7b212526d1e07975,
ADD,MANUAL,Bpfitchburgqps,62def24a7b212526d1e07975,
ADD,MANUAL,Bpwest,62def24a7b212526d1e07975,
ADD,MANUAL,Bpswain,62def24a7b212526d1e07975,
ADD,MANUAL,Bprosew,62def24a7b212526d1e07975,
ADD,MANUAL,Bpshallotte,62def24a7b212526d1e07975,
ADD,MANUAL,Bpnavrang,62def24a7b212526d1e07975,
ADD,MANUAL,Bppenn,62def24a7b212526d1e07975,
ADD,MANUAL,Bpcolonial,62def24a7b212526d1e07975,
ADD,MANUAL,Bpeast,62def24a7b212526d1e07975,
ADD,MANUAL,Bpbinfo,62def24a7b212526d1e07975,
ADD,MANUAL,Bpingra,62def24a7b212526d1e07975,
ADD,MANUAL,Amherst,62def24a7b212526d1e07975,
ADD,MANUAL,Bpliberty,62def24a7b212526d1e07975,
ADD,MANUAL,Bplincoln,62def24a7b212526d1e07975,
ADD,MANUAL,Bpcapl,62def24a7b212526d1e07975,
ADD,MANUAL,Bpraphine,62def24a7b212526d1e07975,
ADD,MANUAL,Bphiway,62def24a7b212526d1e07975,
ADD,MANUAL,Bpcole's,62def24a7b212526d1e07975,
ADD,MANUAL,Bppinnacle,62def24a7b212526d1e07975,
ADD,MANUAL,Bpthree,62def24a7b212526d1e07975,
ADD,MANUAL,Bpwestside,62def24a7b212526d1e07975,
ADD,MANUAL,Bpbeaver,62def24a7b212526d1e07975,
ADD,MANUAL,Bptriangle,62def24a7b212526d1e07975,
ADD,MANUAL,Bpglen,62def24a7b212526d1e07975,
ADD,MANUAL,Family,62def24a7b212526d1e07975,
ADD,MANUAL,Bpguess,62def24a7b212526d1e07975,
ADD,MANUAL,Bpzip,62def24a7b212526d1e07975,
ADD,MANUAL,Bpi75,62def24a7b212526d1e07975,
ADD,MANUAL,Bpcolumbus,62def24a7b212526d1e07975,
ADD,MANUAL,Bphayes,62def24a7b212526d1e07975,
ADD,MANUAL,Bpfranklin,62def24a7b212526d1e07975,
ADD,MANUAL,Bpjeffersonville,62def24a7b212526d1e07975,
ADD,MANUAL,Bpdlr,62def24a7b212526d1e07975,
ADD,MANUAL,Bpkelly's,62def24a7b212526d1e07975,
ADD,MANUAL,Bpcarrboro,62def24a7b212526d1e07975,
ADD,MANUAL,Bpbull,62def24a7b212526d1e07975,
ADD,MANUAL,Bpmaurice,62def24a7b212526d1e07975,
ADD,MANUAL,Bphwy,62def24a7b212526d1e07975,
ADD,MANUAL,Bpamoco,62def24a7b212526d1e07975,
ADD,MANUAL,Bppri-mart,62def24a7b212526d1e07975,
ADD,MANUAL,Bpgiant,62def24a7b212526d1e07975,
ADD,MANUAL,Bpmukti,62def24a7b212526d1e07975,
ADD,MANUAL,Bpwolf,62def24a7b212526d1e07975,
ADD,MANUAL,Bponeida,62def24a7b212526d1e07975,
ADD,MANUAL,Bpjet,62def24a7b212526d1e07975,
ADD,MANUAL,Bpnayah,62def24a7b212526d1e07975,
ADD,MANUAL,Bposborne,62def24a7b212526d1e07975,
ADD,MANUAL,Bpbest,62def24a7b212526d1e07975,
ADD,MANUAL,Bpgas,62def24a7b212526d1e07975,
ADD,MANUAL,Bpbig,62def24a7b212526d1e07975,
ADD,MANUAL,Bpfives,62def24a7b212526d1e07975,
ADD,MANUAL,Bpfivestar,62def24a7b212526d1e07975,
ADD,MANUAL,Bpgood,62def24a7b212526d1e07975,
ADD,MANUAL,Bpsawyer's,62def24a7b212526d1e07975,
ADD,MANUAL,Bprokeya,62def24a7b212526d1e07975,
ADD,MANUAL,Bppritzl,62def24a7b212526d1e07975,
ADD,MANUAL,Bpvirginia,62def24a7b212526d1e07975,
ADD,MANUAL,Bpshorestop,62def24a7b212526d1e07975,
ADD,MANUAL,Bpscotchman,62def24a7b212526d1e07975,
ADD,MANUAL,Bpmauston,62def24a7b212526d1e07975,
ADD,MANUAL,Bpenergy,62def24a7b212526d1e07975,
ADD,MANUAL,Bpfive,62def24a7b212526d1e07975,
ADD,MANUAL,Bpcolle,62def24a7b212526d1e07975,
ADD,MANUAL,Bphan-dee,62def24a7b212526d1e07975,
ADD,MANUAL,Bpnora,62def24a7b212526d1e07975,
ADD,MANUAL,Bplake,62def24a7b212526d1e07975,
ADD,MANUAL,Bpjacks,62def24a7b212526d1e07975,
ADD,MANUAL,Bpmahil,62def24a7b212526d1e07975,
ADD,MANUAL,Bpgetgo,62def24a7b212526d1e07975,
ADD,MANUAL,Tuttle Xi,62def24a7b212526d1e07975,
ADD,MANUAL,Canal Win,62def24a7b212526d1e07975,
ADD,MANUAL,Worthingt,62def24a7b212526d1e07975,
ADD,MANUAL,Bparchway,62def24a7b212526d1e07975,
ADD,MANUAL,Bpfas-t,62def24a7b212526d1e07975,
ADD,MANUAL,Bpa-1,62def24a7b212526d1e07975,
ADD,MANUAL,Bplinco,62def24a7b212526d1e07975,
ADD,MANUAL,Bplincolnshqps,62def24a7b212526d1e07975,
ADD,MANUAL,Bplewis,62def24a7b212526d1e07975,
ADD,MANUAL,Bpwaukegan,62def24a7b212526d1e07975,
ADD,MANUAL,Bpskokie,62def24a7b212526d1e07975,
ADD,MANUAL,Bpsantee,62def24a7b212526d1e07975,
ADD,MANUAL,Bpcenter,62def24a7b212526d1e07975,
ADD,MANUAL,Bpcaro,62def24a7b212526d1e07975,
ADD,MANUAL,Bptaylor's,62def24a7b212526d1e07975,
ADD,MANUAL,Bpfour,62def24a7b212526d1e07975,
ADD,MANUAL,Petro,62def24a7b212526d1e07975,
ADD,MANUAL,Bpgaga,62def24a7b212526d1e07975,
ADD,MANUAL,Bparlington,62def24a7b212526d1e07975,
ADD,MANUAL,Bparlingtonqps,62def24a7b212526d1e07975,
ADD,MANUAL,Bplotter's,62def24a7b212526d1e07975,
ADD,MANUAL,Bphartsdale,62def24a7b212526d1e07975,
ADD,MANUAL,Montgomer,62def24a7b212526d1e07975,
ADD,MANUAL,Madison,62def24a7b212526d1e07975,
ADD,MANUAL,Mayfqps,62def24a7b212526d1e07975,
ADD,MANUAL,Bpbagley,62def24a7b212526d1e07975,
ADD,MANUAL,Bpmadison,62def24a7b212526d1e07975,
ADD,MANUAL,Bpsahay,62def24a7b212526d1e07975,
ADD,MANUAL,Bppar,62def24a7b212526d1e07975,
ADD,MANUAL,Bpwfs-,62def24a7b212526d1e07975,
ADD,MANUAL,Bpozer,62def24a7b212526d1e07975,
ADD,MANUAL,Bpwhalen's,62def24a7b212526d1e07975,
ADD,MANUAL,Bpbroo,62def24a7b212526d1e07975,
ADD,MANUAL,Bpb&r-,62def24a7b212526d1e07975,
ADD,MANUAL,Bpkennedy,62def24a7b212526d1e07975,
ADD,MANUAL,Griff,62def24a7b212526d1e07975,
ADD,MANUAL,Bpvirks,62def24a7b212526d1e07975,
ADD,MANUAL,Marengo D,62def24a7b212526d1e07975,
ADD,MANUAL,Bpharvest,62def24a7b212526d1e07975,
ADD,MANUAL,Bpgo-mart,62def24a7b212526d1e07975,
ADD,MANUAL,Calvinklein,621b99bb5f87e75f5365f33d,
ADD,MANUAL,Casey's,621b99305f87e75f5365a2b1,
ADD,MANUAL,Caseys,621b99305f87e75f5365a2b1,
ADD,MANUAL,Caseys Altoona,621b99305f87e75f5365a2b1,
ADD,MANUAL,Caseys Blackwe,621b99305f87e75f5365a2b1,
ADD,MANUAL,Caseys East Peoria,621b99305f87e75f5365a2b1,
ADD,MANUAL,Caseys Gen,621b99305f87e75f5365a2b1,
ADD,MANUAL,Caseys Gen Sto,621b99305f87e75f5365a2b1,
ADD,MANUAL,Caseys Lebo,621b99305f87e75f5365a2b1,
ADD,MANUAL,Caseys Pizza,621b99305f87e75f5365a2b1,
ADD,MANUAL,Caseys Pleasant,621b99305f87e75f5365a2b1,
ADD,MANUAL,Caseys Store,621b99305f87e75f5365a2b1,
ADD,MANUAL,Monaco,621b99bb5f87e75f5365f359,
ADD,MANUAL,Club Monaco Us LLC,621b99bb5f87e75f5365f359,
ADD,MANUAL,Brands Usa,621b99315f87e75f5365a341,
ADD,MANUAL,Comcast,621b99315f87e75f5365a301,
ADD,MANUAL,Crate&barrel Cb2,62def33f7b212526d1e089fd,
ADD,MANUAL,Crate&barrel Cb2 Nod,62def33f7b212526d1e089fd,
ADD,MANUAL,Crateandbar,62def33f7b212526d1e089fd,
ADD,MANUAL,CVS,621b99b15f87e75f5365edcd,
ADD,MANUAL,Cvs Caremark,621b99b15f87e75f5365edcd,
ADD,MANUAL,Cvsstore,621b99b15f87e75f5365edcd,
ADD,MANUAL,Disney Plu,621b99b25f87e75f5365ee55,
ADD,MANUAL,Dollar General,621b99325f87e75f5365a389,
ADD,MANUAL,Dollar Tr,621b99325f87e75f5365a3a1,
ADD,MANUAL,Dd Doordash,62def1427b212526d1e06483,
ADD,MANUAL,E.l.f. Cosmetics,62def3137b212526d1e08442,
ADD,MANUAL,Elf Cosmetics,62def3137b212526d1e08442,
ADD,MANUAL,Elfcosmetic,62def3137b212526d1e08442,
ADD,MANUAL,Hotelscom,621b99335f87e75f5365a459,
ADD,MANUAL,Facebook Payments Inc.,621b99335f87e75f5365a44d,
ADD,MANUAL,Facebook Payments,621b99335f87e75f5365a44d,
ADD,MANUAL,Facebook Technologies,621b99335f87e75f5365a44d,
ADD,MANUAL,Facebookpay,621b99335f87e75f5365a44d,
ADD,MANUAL,Family Dollar,621b99b25f87e75f5365ee71,
ADD,MANUAL,Google Google Google Sto,621b99b35f87e75f5365eec5,
ADD,MANUAL,Youtube Google Youtube,621b99b35f87e75f5365eec5,
ADD,MANUAL,Youtubepremium Google Youtubepre,621b99b35f87e75f5365eec5,
ADD,MANUAL,Youtube Videos Google Youtube Vi,621b99b35f87e75f5365eec5,
ADD,MANUAL,You Tube,621b99b35f87e75f5365eec5,
ADD,MANUAL,Google Music,621b99b35f87e75f5365eec5,
ADD,MANUAL,You Tube Music,621b99b35f87e75f5365eec5,
ADD,MANUAL,You Tube Premium,621b99b35f87e75f5365eec5,
ADD,MANUAL,You Tube Tv,621b99b35f87e75f5365eec5,
ADD,MANUAL,You Tube Videos,621b99b35f87e75f5365eec5,
ADD,MANUAL,Youtubepremium,621b99b35f87e75f5365eec5,
ADD,MANUAL,Youtube,621b99b35f87e75f5365eec5,
ADD,MANUAL,Youtube Memb,621b99b35f87e75f5365eec5,
ADD,MANUAL,Youtube Member,621b99b35f87e75f5365eec5,
ADD,MANUAL,Youtube Music,621b99b35f87e75f5365eec5,
ADD,MANUAL,Youtube Super,621b99b35f87e75f5365eec5,
ADD,MANUAL,Youtube Tv,621b99b35f87e75f5365eec5,
ADD,MANUAL,Youtube Tv Go,621b99b35f87e75f5365eec5,
ADD,MANUAL,Youtube Vide,621b99b35f87e75f5365eec5,
ADD,MANUAL,Youtube Videg.co/helppay# Ca,621b99b35f87e75f5365eec5,
ADD,MANUAL,Youtube Videos,621b99b35f87e75f5365eec5,
ADD,MANUAL,Youtubepremi,621b99b35f87e75f5365eec5,
ADD,MANUAL,Youtubepremiu,621b99b35f87e75f5365eec5,
ADD,MANUAL,Youtubepremium Mountain,621b99b35f87e75f5365eec5,
ADD,MANUAL,Youtubepremium G.co/helppay#,621b99b35f87e75f5365eec5,
ADD,MANUAL,H&M,621b99c05f87e75f5365f6a5,
ADD,MANUAL,"Harris Teeter Supermarkets, Inc.",621b99b75f87e75f5365f111,
ADD,MANUAL,Help.hbomax,621b99bd5f87e75f5365f471,
ADD,MANUAL,Hllfrsh,62def3ef7b212526d1e0a1a5,
ADD,MANUAL,Diamonds,621b99b15f87e75f5365ed55,
ADD,MANUAL,Hertz,62def2697b212526d1e07be8,
ADD,MANUAL,Dollar Rent A Car,62def2697b212526d1e07be8,
ADD,MANUAL,Enterprise Rent-A-Car,62def2697b212526d1e07be8,
ADD,MANUAL,The Home Depot,621b99345f87e75f5365a50d,
ADD,MANUAL,Home Depot,621b99345f87e75f5365a50d,
ADD,MANUAL,Instant Ink,621b99355f87e75f5365a529,
ADD,MANUAL,Hp Food And Bev,621b99355f87e75f5365a529,
ADD,MANUAL,Hulu,621b99b25f87e75f5365ee4d,
ADD,MANUAL,Eataly,62def2367b212526d1e077a2,
ADD,MANUAL,Instacart San,62def2367b212526d1e077a2,
ADD,MANUAL,"Instacart Httpsinstacar,",62def2367b212526d1e077a2,
ADD,MANUAL,Instacart Httpsinstacarc,62def2367b212526d1e077a2,
ADD,MANUAL,Instacart Express Membership,62def2367b212526d1e077a2,
ADD,MANUAL,Jcpenney.co,621b99bb5f87e75f5365f381,
ADD,MANUAL,JCPenney,621b99bb5f87e75f5365f381,
ADD,MANUAL,Osco,62def3ee7b212526d1e0a141,
ADD,MANUAL,Lands,62deed677b212526d1e0105a,
ADD,MANUAL,Le Labo Fragrances,621b99d45f87e75f536601d9,
ADD,MANUAL,Loreal,621b996b5f87e75f5365c4b5,
ADD,MANUAL,Lululemoncom,621b99365f87e75f5365a611,
ADD,MANUAL,Lululemon Athletica,621b99365f87e75f5365a611,
ADD,MANUAL,Lululemon Market,621b99365f87e75f5365a611,
ADD,MANUAL,Residence Inn By Marriott,621b99375f87e75f5365a665,
ADD,MANUAL,Jw Marriott Tampa Water Street,621b99375f87e75f5365a665,
ADD,MANUAL,Marshalls,621b99bd5f87e75f5365f475,
ADD,MANUAL,&#10;marshalls,621b99bd5f87e75f5365f475,
ADD,MANUAL,Microsoft Apps,621b99375f87e75f5365a661,
ADD,MANUAL,Xbox Live,621b99375f87e75f5365a661,
ADD,MANUAL,Onedrive,621b99375f87e75f5365a661,
ADD,MANUAL,Onedrive Sta,621b99375f87e75f5365a661,
ADD,MANUAL,Nikepos_us,621b99375f87e75f5365a691,
ADD,MANUAL,O'Reilly Auto Parts,621b99385f87e75f5365a71d,
ADD,MANUAL,Old Navy,621b99b35f87e75f5365eed1,
ADD,MANUAL,Patagonia-salt,621b995c5f87e75f5365bc11,
ADD,MANUAL,Patagonia Direct,621b995c5f87e75f5365bc11,
ADD,MANUAL,Patagonia-nyc,621b995c5f87e75f5365bc11,
ADD,MANUAL,Patagonia-reno,621b995c5f87e75f5365bc11,
ADD,MANUAL,W Victory Blvd,62def1407b212526d1e06442,
ADD,MANUAL,&#10;petco,62def1407b212526d1e06442,
ADD,MANUAL,Card&;petco,62def1407b212526d1e06442,
ADD,MANUAL,Progressive Direct Insurance,621b99385f87e75f5365a761,
ADD,MANUAL,Progressive Ins,621b99385f87e75f5365a761,
ADD,MANUAL,Progressive Insu Ce,621b99385f87e75f5365a761,
ADD,MANUAL,Progressive Insu,621b99385f87e75f5365a761,
ADD,MANUAL,Progressive Insurance,621b99385f87e75f5365a761,
ADD,MANUAL,Rei 85 Durham,62def1b77b212526d1e07323,
ADD,MANUAL,Restorative,62deee7d7b212526d1e02419,
ADD,MANUAL,Ross Dress,621b993a5f87e75f5365a821,
ADD,MANUAL,Ross Stores,621b993a5f87e75f5365a821,
ADD,MANUAL,Ross Dress For Less,621b993a5f87e75f5365a821,
ADD,MANUAL,Sees Candies Mo,621b99b15f87e75f5365ed65,
ADD,MANUAL,Sees Cand,621b99b15f87e75f5365ed65,
ADD,MANUAL,Sees Candy,621b99b15f87e75f5365ed65,
ADD,MANUAL,Shell,62def2437b212526d1e078e1,
ADD,MANUAL,Shell Service,62def2437b212526d1e078e1,
ADD,MANUAL,Service S,62def2437b212526d1e078e1,
ADD,MANUAL,Withdrawal&;shell,62def2437b212526d1e078e1,
ADD,MANUAL,Service Station,62def2437b212526d1e078e1,
ADD,MANUAL,Sony Playstation,621b996b5f87e75f5365c4f1,
ADD,MANUAL,Playstation,621b996b5f87e75f5365c4f1,
ADD,MANUAL,Tomscom,621b99475f87e75f5365afad,
ADD,MANUAL,Tractor-supply-c,621b993b5f87e75f5365a8f9,
ADD,MANUAL,Ral Trip Adviser,621b993b5f87e75f5365a8e9,
ADD,MANUAL,ULTA,621b993b5f87e75f5365a919,
ADD,MANUAL,Under Armour Factory House,621b99be5f87e75f5365f4fd,
ADD,MANUAL,UPS,621b993c5f87e75f5365a93d,
ADD,MANUAL,Verizon Wrls,621b993c5f87e75f5365a97d,
ADD,MANUAL,Verizon Wrl My Acct Vn,621b993c5f87e75f5365a97d,
ADD,MANUAL,Vzwrlss,621b993c5f87e75f5365a97d,
ADD,MANUAL,Waldorf,621b99b45f87e75f5365ef41,
ADD,MANUAL,Waldorf Astoria Monarch Beach,621b99b45f87e75f5365ef41,
ADD,MANUAL,Walgreens-a564,62def2787b212526d1e07d0b,
ADD,MANUAL,Walgreen,62def2787b212526d1e07d0b,
ADD,MANUAL,Walgreens Store,62def2787b212526d1e07d0b,
ADD,MANUAL,Drugs A Walgreen,62def2787b212526d1e07d0b,
ADD,MANUAL,Withdrawal&;walgreens,62def2787b212526d1e07d0b,
ADD,MANUAL,Walgreen Co,62def2787b212526d1e07d0b,
ADD,MANUAL,Card&;walgreens,62def2787b212526d1e07d0b,
ADD,MANUAL,Wal Sams,621b993c5f87e75f5365a9a5,
ADD,MANUAL,Flwal-mar,621b993c5f87e75f5365a9a5,
ADD,MANUAL,Wal-mart Super,621b993c5f87e75f5365a9a5,
ADD,MANUAL,Walt Disney World Swan,621b99b25f87e75f5365ee19,
ADD,MANUAL,Warby,62def18a7b212526d1e06d60,
ADD,MANUAL,Warby Parker New York City Hq And Showroom,62def18a7b212526d1e06d60,
ADD,MANUAL,Wegmans,621b996a5f87e75f5365c3d1,
ADD,MANUAL,Xfinity Mobile,621b99b15f87e75f5365eda1,
ADD,MANUAL,Xfinity Prepaid,621b99b15f87e75f5365eda1,
ADD,MANUAL,Xfinity Wifi,621b99b15f87e75f5365eda1,
ADD,MANUAL,Zarausainc,62def2767b212526d1e07cdc,
ADD,MANUAL,Zoomvideoco,621b993d5f87e75f5365a9fd,
ADD,MANUAL,Zynga I,621b993d5f87e75f5365aa19,
ADD,MANUAL,Dd Doordash Chick-fil,62def10c7b212526d1e05ae0,
ADD,MANUAL,Chickfila App,62def10c7b212526d1e05ae0,
ADD,MANUAL,Chick-fil,62def10c7b212526d1e05ae0,
ADD,MANUAL,E Bay O,621b99325f87e75f5365a3e1,
ADD,MANUAL,Lemonade Insurance,621b99515f87e75f5365b549,
ADD,MANUAL,Hotels,621b99335f87e75f5365a459,
ADD,MANUAL,American Express Travel,621b99305f87e75f5365a26d,
ADD,MANUAL,Booking,621b99b05f87e75f5365eccd,
ADD,MANUAL,Delta,621b99325f87e75f5365a371,
ADD,MANUAL,Market Street,62deed687b212526d1e0106c,
ADD,MANUAL,Patagonia,621b995c5f87e75f5365bc11,
ADD,MANUAL,Peets Coffee,621b99f25f87e75f53661359,
ADD,MANUAL,Seasons,62def3f27b212526d1e0a1fa,
ADD,MANUAL,Alaska Airlines,621b992e5f87e75f5365a18d,
ADD,MANUAL,0119 00000101 0000002406 006087 REFUNDAMAZON.COM,621b992f5f87e75f5365a1d1,
ADD,MANUAL,POS Adjustment - APPLE.COM BILL,621b992e5f87e75f5365a19d,
ADD,MANUAL,CRE 0000 00095551 BARNES&NOBLE.COM WESTBURY NY C#1224,62def2327b212526d1e0775e,
ADD,MANUAL,BP,62def24a7b212526d1e07975,
ADD,MANUAL,Bp *Bumper Trial,62def24a7b212526d1e07975,
ADD,MANUAL,BP Gas - 2% Cash Back,62def24a7b212526d1e07975,
ADD,MANUAL,BP Gas withdrawal,62def24a7b212526d1e07975,
ADD,MANUAL,Bp#,62def24a7b212526d1e07975,
ADD,MANUAL,BP#1710789C - CHECK #4,62def24a7b212526d1e07975,
ADD,MANUAL,BP#1897453QC MART EQPS,62def24a7b212526d1e07975,
ADD,MANUAL,BP#1944321539 M,62def24a7b212526d1e07975,
ADD,MANUAL,BP#2299709W DURHAM FAMIL,62def24a7b212526d1e07975,
ADD,MANUAL,BP#2307908E CAMPUS FAMIL,62def24a7b212526d1e07975,
ADD,MANUAL,BP#2308617H VALLEY FAMIL,62def24a7b212526d1e07975,
ADD,MANUAL,BP#5899794LE CL,62def24a7b212526d1e07975,
ADD,MANUAL,BP#6752265E RALEIGH FAM,62def24a7b212526d1e07975,
ADD,MANUAL,BP#8142473QC MART WQPS,62def24a7b212526d1e07975,
ADD,MANUAL,BP#8180457Q C MART QPS,62def24a7b212526d1e07975,
ADD,MANUAL,BP#843685914TH ATLANTA GA 09/25,62def24a7b212526d1e07975,
ADD,MANUAL,BP#88653131265 S HI ST D,62def24a7b212526d1e07975,
ADD,MANUAL,BP#8872350QR #11,62def24a7b212526d1e07975,
ADD,MANUAL,BP#89382434511 GOLF RD S,62def24a7b212526d1e07975,
ADD,MANUAL,BP#9083601TA PORTER,62def24a7b212526d1e07975,
ADD,MANUAL,BP#9314857CT AVE BP,62def24a7b212526d1e07975,
ADD,MANUAL,BP#9349275Q C MART QPS,62def24a7b212526d1e07975,
ADD,MANUAL,BP#95305772801,62def24a7b212526d1e07975,
ADD,MANUAL,BP#XXXXXXXXXX WORCQPS,62def24a7b212526d1e07975,
ADD,MANUAL,CASEYS #1 1100 06/12 #XXXXX5797 PURCHASE CASEYS #1 1100 S,621b99305f87e75f5365a2b1,
ADD,MANUAL,CASEYS #2 130 03/28 #XXXXX4819 PURCHASE CASEYS #2 130 W E,621b99305f87e75f5365a2b1,
ADD,MANUAL,CASEYS #2 1850 04/14 #XXXXX2293 PURCHASE CASEYS #2 1850 22 WDM,621b99305f87e75f5365a2b1,
ADD,MANUAL,CASEYS #2 708 09/17 #XXXXX2198 PURCHASE CASEYS #2 708 S D,621b99305f87e75f5365a2b1,
ADD,MANUAL,CASEYS #3 2480 09/21 #XXXXX1990 MOBILE PURCHASE CASEYS #3 2480 1S,621b99305f87e75f5365a2b1,
ADD,MANUAL,CASEYS #3 6643 06/09 #XXXXX0155 PURCHASE CASEYS #3 6643 S,621b99305f87e75f5365a2b1,
ADD,MANUAL,CL. MONACO #1054,621b99bb5f87e75f5365f359,
ADD,MANUAL,CL. MONACO BEVERLY HILLS,621b99bb5f87e75f5365f359,
ADD,MANUAL,CL. MONACO N.YORK 1036,621b99bb5f87e75f5365f359,
ADD,MANUAL,CRATE&BARREL CB2 NOD,62def33f7b212526d1e089fd,
ADD,MANUAL,1320593584 Credit Karma 2608869884 Transfer Samantha Rogers WEB 051504758869884,621b99b55f87e75f5365efc9,
ADD,MANUAL,1320593584 Credit Karma 2626499981 Transfer Samantha Rogers WEB 051504756499981,621b99b55f87e75f5365efc9,
ADD,MANUAL,1320593584 Credit Karma 2697270708 Transfer,621b99b55f87e75f5365efc9,
ADD,MANUAL,1320593584 Credit Karma 2762989823 Transfer Samantha Rogers WEB 051504750020278,621b99b55f87e75f5365efc9,
ADD,MANUAL,1320593584 Credit Karma 2822995459 Transfer Samantha Rogers WEB 051504750062047,621b99b55f87e75f5365efc9,
ADD,MANUAL,1320593584 Credit Karma 2939372987 Transfer Samantha Rogers WEB 051504750060911,621b99b55f87e75f5365efc9,
ADD,MANUAL,1320593584 Credit Karma 3076796181 Transfer Samantha Rogers WEB 051504750062484,621b99b55f87e75f5365efc9,
ADD,MANUAL,1320593584 Credit Karma 3230799969 Transfer Samantha Rogers WEB 051504750072791,621b99b55f87e75f5365efc9,
ADD,MANUAL,1320593584 Credit Karma 3475824717 Transfer Samantha Rogers WEB 051504750068701,621b99b55f87e75f5365efc9,
ADD,MANUAL,1320593584 Credit Karma 3644712276 Transfer Samantha Rogers WEB 051504750064968,621b99b55f87e75f5365efc9,
ADD,MANUAL,1320593584 Credit Karma 3804318405 Transfer Samantha Rogers WEB 051504750065476,621b99b55f87e75f5365efc9,
ADD,MANUAL,1320593584 Credit Karma 4079925735 Transfer Samantha Rogers WEB 051504750070642,621b99b55f87e75f5365efc9,
ADD,MANUAL,1320593584 Credit Karma 4211190193 Transfer Samantha Rogers WEB 051504750068359,621b99b55f87e75f5365efc9,
ADD,MANUAL,1320593584 Credit Karma 4331882921 Transfer Samantha Rogers WEB 051504750076809,621b99b55f87e75f5365efc9,
ADD,MANUAL,1320593584 Credit Karma 4441432691 Transfer Samantha Rogers WEB 051504750073845,621b99b55f87e75f5365efc9,
ADD,MANUAL,1320593584 Credit Karma 4563266878 Transfer Samantha Rogers WEB 051504750082064,621b99b55f87e75f5365efc9,
ADD,MANUAL,1320593584 Credit Karma 4680475790 Transfer Samantha Rogers WEB 051504750079305,621b99b55f87e75f5365efc9,
ADD,MANUAL,1320593584 Credit Karma 4785318021 Transfer Samantha Rogers WEB 051504750065320,621b99b55f87e75f5365efc9,
ADD,MANUAL,1320593584 Credit Karma 4906078191 Transfer Samantha Rogers WEB 051504750063739,621b99b55f87e75f5365efc9,
ADD,MANUAL,1320593584 Credit Karma 5011292631 Transfer Samantha Rogers WEB 051504750067156,621b99b55f87e75f5365efc9,
ADD,MANUAL,CVSSTORE #03-S513124,621b99b15f87e75f5365edcd,
ADD,MANUAL,CA DD DOORDASH BURRITOPA CARD# 5143,62def1427b212526d1e06483,
ADD,MANUAL,Card purchase / DD DOORDASH BURGERKIN 5812 (2022-01-08),62def1427b212526d1e06483,
ADD,MANUAL,Card purchase / DD DOORDASH BURGERKIN 5812 (2022-02-28),62def1427b212526d1e06483,
ADD,MANUAL,Card purchase / DD DOORDASH BURGERKIN 5812 (2022-03-31),62def1427b212526d1e06483,
ADD,MANUAL,Card purchase / DD DOORDASH BURGERKIN 5812 (2022-06-07),62def1427b212526d1e06483,
ADD,MANUAL,Card purchase / DD DOORDASH BURGERKIN 5812 (2022-07-22),62def1427b212526d1e06483,
ADD,MANUAL,Card purchase / DD DOORDASH BURGERKIN 5812 (2022-09-06),62def1427b212526d1e06483,
ADD,MANUAL,Card purchase / DD DOORDASH LITTLECAE 5812 (2022-02-17),62def1427b212526d1e06483,
ADD,MANUAL,Card purchase / DD DOORDASH LITTLECAE 5812 (2022-02-22),62def1427b212526d1e06483,
ADD,MANUAL,Card purchase / DD DOORDASH LITTLECAE 5812 (2022-02-23),62def1427b212526d1e06483,
ADD,MANUAL,Card purchase / DD DOORDASH LITTLECAE 5812 (2022-02-26),62def1427b212526d1e06483,
ADD,MANUAL,Card purchase / DD DOORDASH LITTLECAE 5812 (2022-05-26),62def1427b212526d1e06483,
ADD,MANUAL,Card purchase / DD DOORDASH LITTLECAE 5812 (2022-06-23),62def1427b212526d1e06483,
ADD,MANUAL,Card purchase / DD DOORDASH LITTLECAE 5812 (2022-06-29),62def1427b212526d1e06483,
ADD,MANUAL,Card purchase / DD DOORDASH LITTLECAE 5812 (2022-07-22),62def1427b212526d1e06483,
ADD,MANUAL,Card purchase / DD DOORDASH LITTLECAE 5812 (2022-07-26),62def1427b212526d1e06483,
ADD,MANUAL,Card purchase / DD DOORDASH LITTLECAE 5812 (2022-09-05),62def1427b212526d1e06483,
ADD,MANUAL,Card purchase / DD DOORDASH LITTLECAE 5812 (2022-09-13),62def1427b212526d1e06483,
ADD,MANUAL,Card purchase / DD DOORDASH MARCOSPIZ 5812 (2022-04-01),62def1427b212526d1e06483,
ADD,MANUAL,Card purchase / DD DOORDASH PIZZARANC 5812 (2022-05-09),62def1427b212526d1e06483,
ADD,MANUAL,Card purchase / DD DOORDASH SONICDRIV 5812 (2022-07-21),62def1427b212526d1e06483,
ADD,MANUAL,Card purchase / DD DOORDASH STEAKNSHA 5812 (2022-08-03),62def1427b212526d1e06483,
ADD,MANUAL,Card purchase / DD DOORDASH STEAKNSHA 5812 (2022-08-04),62def1427b212526d1e06483,
ADD,MANUAL,Card purchase / DD DOORDASH UNIMPAIRE 5812 (2022-06-02),62def1427b212526d1e06483,
ADD,MANUAL,Card purchase / DD DOORDASH UNIMPAIRE 5812 (2022-08-10),62def1427b212526d1e06483,
ADD,MANUAL,Card purchase / DD DOORDASH UNIMPAIRE 5812 (2022-09-02),62def1427b212526d1e06483,
ADD,MANUAL,Card purchase / DD DOORDASH VILLAGEIN 5812 (2021-11-14),62def1427b212526d1e06483,
ADD,MANUAL,Card purchase / DD DOORDASH VILLAGEIN 5812 (2022-08-01),62def1427b212526d1e06483,
ADD,MANUAL,Card purchase / DD DOORDASH VILLAGEIN 5812 (2022-08-11),62def1427b212526d1e06483,
ADD,MANUAL,"DoorDash, Inc. DES:DoorDash, ID:ST-D4I2S0K3I1V1 INDN:JACOB PERRY CO ID:XXXXX65600 CCD",62def1427b212526d1e06483,
ADD,MANUAL,"DoorDash, Inc. DES:DoorDash, ID:ST-L7O8U5L7C5A5 INDN:SAMUEL LOWY CO ID:XXXXX48598 CCD",62def1427b212526d1e06483,
ADD,MANUAL,"DoorDash, Inc. DES:DoorDash, ID:ST-L9Z0T4I1V3V3 INDN:JACOB PERRY CO ID:XXXXX65600 CCD",62def1427b212526d1e06483,
ADD,MANUAL,"DoorDash, Inc. DES:DoorDash, ID:ST-M1Q9K8T3C1N4 INDN:JACOB PERRY CO ID:XXXXX48598 CCD",62def1427b212526d1e06483,
ADD,MANUAL,"DoorDash, Inc. DES:DoorDash, ID:ST-M7Q3Y7Q5V8Z2 INDN:JACOB PERRY CO ID:XXXXX65600 CCD",62def1427b212526d1e06483,
ADD,MANUAL,"DoorDash, Inc. DES:DoorDash, ID:ST-R7W0F1Y1L2W2 INDN:SAMUEL LOWY CO ID:XXXXX48598 CCD",62def1427b212526d1e06483,
ADD,MANUAL,"DoorDash, Inc. DES:DoorDash, ID:ST-W3F0Z5Z6F6Z9 INDN:JACOB PERRY CO ID:XXXXX65600 CCD",62def1427b212526d1e06483,
ADD,MANUAL,"DoorDash, Inc. DES:DoorDash, ID:ST-X6Z6C4V5I2F3 INDN:SAMUEL LOWY CO ID:XXXXX48598 CCD",62def1427b212526d1e06483,
ADD,MANUAL,"DoorDash, Inc. DoorDash, ST-I1Q2H9T0A7G9 CCD ID: 1800948598",62def1427b212526d1e06483,
ADD,MANUAL,"DoorDash, Inc. DoorDash, ST-J3R5W6M4E0J4 CCD ID: 1800948598",62def1427b212526d1e06483,
ADD,MANUAL,"Doordash, Inc. FastPay via DOORDASH, INC. FASTPAY",62def1427b212526d1e06483,
ADD,MANUAL,"Doordash, inc. visa direct",62def1427b212526d1e06483,
ADD,MANUAL,DoorDash.com withdrawal,62def1427b212526d1e06483,
ADD,MANUAL,DOORDASH*PIAS KITCHEN,62def1427b212526d1e06483,
ADD,MANUAL,DOORDASH*SAGE BROOKLYN,62def1427b212526d1e06483,
ADD,MANUAL,DOORDASH*SAKE 3 JAPANE,62def1427b212526d1e06483,
ADD,MANUAL,DOORDASHINC,62def1427b212526d1e06483,
ADD,MANUAL,EVERLANE INC. C,62deed8b7b212526d1e01500,
ADD,MANUAL,EVERLANE INC*115154615,62deed8b7b212526d1e01500,
ADD,MANUAL,EVERLANE INC*207565483,62deed8b7b212526d1e01500,
ADD,MANUAL,EVERLANE INC043371415-506-7691 C,62deed8b7b212526d1e01500,
ADD,MANUAL,EVERLANE INC081361415-506-7691 C,62deed8b7b212526d1e01500,
ADD,MANUAL,EVERLANE INC143821415-506-7691 C,62deed8b7b212526d1e01500,
ADD,MANUAL,EVERLANE INC170457415-506-7691 C,62deed8b7b212526d1e01500,
ADD,MANUAL,EVERLANE INC837613415-506-7691 C,62deed8b7b212526d1e01500,
ADD,MANUAL,Facebook Pay,621b99335f87e75f5365a44d,
ADD,MANUAL,YouTube,621b99b35f87e75f5365eec5,
ADD,MANUAL,YouTube g.co/helppay#,621b99b35f87e75f5365eec5,
ADD,MANUAL,Youtube Premium withdrawal,621b99b35f87e75f5365eec5,
ADD,MANUAL,YouTube TV g.co/helppay#,621b99b35f87e75f5365eec5,
ADD,MANUAL,Ach Paypal Inst Xfer Grove Coll,621b99575f87e75f5365b955,
ADD,MANUAL,PAYPAL INST XFER GROVE COLL,621b99575f87e75f5365b955,
ADD,MANUAL,PAYPAL RETRY PYMT GROVE COLL,621b99575f87e75f5365b955,
ADD,MANUAL,CHECKCARD 0703 H&M0178 DENVER CO XXXXX4121XXXXXXXXXX0742,621b99c05f87e75f5365f6a5,
ADD,MANUAL,Debit Purchase 02/26 Card 9695h&m0268,621b99c05f87e75f5365f6a5,
ADD,MANUAL,H&M0152 04/15 #000619417 PURCHASE H&M0152,621b99c05f87e75f5365f6a5,
ADD,MANUAL,H&M0152 LAS VEGAS NV Digital Account Number XXXXXXXXXXXX9676,621b99c05f87e75f5365f6a5,
ADD,MANUAL,H&M0207 DALLAS TX Digital Account Number XXXXXXXXXXXX6663,621b99c05f87e75f5365f6a5,
ADD,MANUAL,H&M0207 DALLAS TX Digital Account Number XXXXXXXXXXXX9676,621b99c05f87e75f5365f6a5,
ADD,MANUAL,H&M0422 03/19 #XXXXX3459 PURCHASE H&M0422 DEPTFORD TOWN,621b99c05f87e75f5365f6a5,
ADD,MANUAL,H&M0454 HOUSTON TX 985003 08/20,621b99c05f87e75f5365f6a5,
ADD,MANUAL,H&M0473 LIBERTY TOWNSOH,621b99c05f87e75f5365f6a5,
ADD,MANUAL,H&M0675 SOUTH BURLINGVT sale,621b99c05f87e75f5365f6a5,
ADD,MANUAL,HM,621b99c05f87e75f5365f6a5,
ADD,MANUAL,NNT H&M0160 05/02 #XXXXX8659 PURCHASE 231 18TH STREET,621b99c05f87e75f5365f6a5,
ADD,MANUAL,POS PURCHASE POS07900190 1650994 H&M0473 LIBERTY TOWN,621b99c05f87e75f5365f6a5,
ADD,MANUAL,PURCHASE AUTHORIZED ON 12/05 H&M0448 SAN CLEMENTE CA P00460341011229270 CARD 5706,621b99c05f87e75f5365f6a5,
ADD,MANUAL,Home Depot,621b99345f87e75f5365a50d,
ADD,MANUAL,HP *INSTANT INK,621b99355f87e75f5365a529,
ADD,MANUAL,HP Instant Ink,621b99355f87e75f5365a529,
ADD,MANUAL,INSTACART CREDIT,62def2367b212526d1e077a2,
ADD,MANUAL,INSTACART EXPRESS CREDIT,62def2367b212526d1e077a2,
ADD,MANUAL,INSTACART SAN FRANCISCO CA Digital Account Number XXXXXXXXXXXX2556,62def2367b212526d1e077a2,
ADD,MANUAL,INSTACART*SUBSCRIPTION,62def2367b212526d1e077a2,
ADD,MANUAL,INSTACART*SUBSCRIPTION SAN FRANCISCO CA Digital Account Number XXXXXXXXXXXX2556,62def2367b212526d1e077a2,
ADD,MANUAL,INTERMIX / GAP,621b99b35f87e75f5365eee9,
ADD,MANUAL,LULULEMON DURHAMSOU,621b99365f87e75f5365a611,
ADD,MANUAL,1616000011 51077 Hotel Marriott Wien AT Card 5078/Withdrawal ATM Fee,621b99375f87e75f5365a665,
ADD,MANUAL,NIKEPOS US,621b99375f87e75f5365a691,
ADD,MANUAL,NikePOS_US,621b99375f87e75f5365a691,
ADD,MANUAL,NikePOS_US Chicago IL Digital Account Number XXXXXXXXXXXX6663,621b99375f87e75f5365a691,
ADD,MANUAL,PURCHASE 0902 OLAY COM OH XXXXX1522XXXXXXXXXX9330,621b99ba5f87e75f5365f301,
ADD,MANUAL,OLDNAVY MAPLE TREE PLACE,621b99b35f87e75f5365eed1,
ADD,MANUAL,"OLDNAVY MAPLE TREE PLACE WILLISTON VT MENS ACTIVE, WOMENS WOVENS TOPS WOMENS KNITS, WOMENS SWEATERS W DRESSES & OUTRWR, WOMENS ACCESSORIES",621b99b35f87e75f5365eed1,
ADD,MANUAL,OLDNAVY MAPLE TREE PLACE WILLISTON VT WOMENS WOVENS TOPS WOMENS ACTIVE,621b99b35f87e75f5365eed1,
ADD,MANUAL,Patagonia Direct Inc.,621b995c5f87e75f5365bc11,
ADD,MANUAL,PROGRESSIVE INS,621b99385f87e75f5365a761,
ADD,MANUAL,CHECKCARD 0617 REI.COM WA XXXXX1611XXXXXXXXXX5290,62def1b77b212526d1e07323,
ADD,MANUAL,CHECKCARD 0618 REI.COM WA XXXXX1611XXXXXXXXXX2014,62def1b77b212526d1e07323,
ADD,MANUAL,CHECKCARD 0620 REI.COM WA XXXXX1611XXXXXXXXXX4023,62def1b77b212526d1e07323,
ADD,MANUAL,CHECKCARD 0620 REI.COM WA XXXXX1611XXXXXXXXXX4415,62def1b77b212526d1e07323,
ADD,MANUAL,CHECKCARD 0707 REI.COM 800-426-4840 WA XXXXX1621XXXXXXXXXX9267,62def1b77b212526d1e07323,
ADD,MANUAL,CHECKCARD 0730 REI.COM 800-426-4840 WA XXXXX1622XXXXXXXXXX3428,62def1b77b212526d1e07323,
ADD,MANUAL,Debit Purchase -visa 01/05 Card 1444rei.com,62def1b77b212526d1e07323,
ADD,MANUAL,Debit Purchase -visa 02/10 Card 1444rei.com,62def1b77b212526d1e07323,
ADD,MANUAL,Debit Purchase -visa 04/01 Card 1444rei.com,62def1b77b212526d1e07323,
ADD,MANUAL,Debit Purchase -visa 09/07 Card 1444rei.com,62def1b77b212526d1e07323,
ADD,MANUAL,REI #107 SANTA MONICA,62def1b77b212526d1e07323,
ADD,MANUAL,REI #11 SEATTLE,62def1b77b212526d1e07323,
ADD,MANUAL,REI #125 KENNESAW,62def1b77b212526d1e07323,
ADD,MANUAL,REI #15 BLOOMINGTON,62def1b77b212526d1e07323,
ADD,MANUAL,REI #167 W DES 07/02 #XXXXX5242 PURCHASE REI #167 W DES MO,62def1b77b212526d1e07323,
ADD,MANUAL,REI #167 W DES MOINES,62def1b77b212526d1e07323,
ADD,MANUAL,REI #172 OKLAHOMA CITY,62def1b77b212526d1e07323,
ADD,MANUAL,REI #180 VERNON HILLS,62def1b77b212526d1e07323,
ADD,MANUAL,REI #20 BELLEVUE,62def1b77b212526d1e07323,
ADD,MANUAL,REI #214 W WILLISTON V,62def1b77b212526d1e07323,
ADD,MANUAL,REI #214 WILLI WILLISTON V,62def1b77b212526d1e07323,
ADD,MANUAL,REI #33 ATLANT 07/10 #000829566 PURCHASE 1800 NE EXPRESSWA,62def1b77b212526d1e07323,
ADD,MANUAL,REI #33 ATLANTA ATLANTA GA 5108500330248882,62def1b77b212526d1e07323,
ADD,MANUAL,REI #34 BAILEYS CROSS,62def1b77b212526d1e07323,
ADD,MANUAL,REI #45 DALLAS DALLAS TX Digital Account Number XXXXXXXXXXXX6663,62def1b77b212526d1e07323,
ADD,MANUAL,REI #47 BOISE 10/30 #XXXXX2972 PURCHASE REI #47 BOISE 830,62def1b77b212526d1e07323,
ADD,MANUAL,REI #69 TACOMA,62def1b77b212526d1e07323,
ADD,MANUAL,REI #77 SANTA ROSA,62def1b77b212526d1e07323,
ADD,MANUAL,REI #85 DURHAM,62def1b77b212526d1e07323,
ADD,MANUAL,REI #85 DURHAM DURHAM NC 5035790850217388,62def1b77b212526d1e07323,
ADD,MANUAL,REI #91 ROCKVILLE,62def1b77b212526d1e07323,
ADD,MANUAL,Rei #97 Raleigh,62def1b77b212526d1e07323,
ADD,MANUAL,REI #97 RALEIGH RALEIGH NC 3234700970211404,62def1b77b212526d1e07323,
ADD,MANUAL,REI.COM 800-426-4840 WA A246815158,62def1b77b212526d1e07323,
ADD,MANUAL,REI.COM XXX-XXX-XXX0,62def1b77b212526d1e07323,
ADD,MANUAL,REI#180 VERNON HILLS,62def1b77b212526d1e07323,
ADD,MANUAL,Shell,62def2437b212526d1e078e1,
ADD,MANUAL,Sorel Footwear US OR,621b99b15f87e75f5365ede5,
ADD,MANUAL,PURCHASE AUTHORIZED ON 07/09 TOMS.COM USD CA S301190862507735 CARD 8120,621b99475f87e75f5365afad,
ADD,MANUAL,TOMS.COM USD,621b99475f87e75f5365afad,
ADD,MANUAL,"Walgree -A Mi Grandville, 28Th St Sw, US",62def2787b212526d1e07d0b,
ADD,MANUAL,Walgreens,62def2787b212526d1e07d0b,
ADD,MANUAL,POS Debit - Visa Check Card 4154 - MURPHY5528ATWALMAR,621b993c5f87e75f5365a9a5,
ADD,MANUAL,WARBY PARKER NEW YORK CITY HQ & SHOWROOM,62def18a7b212526d1e06d60,
ADD,MANUAL,Zappos.com,621b99af5f87e75f5365ec91,
ADD,MANUAL,ZARAUSAINC,62def2767b212526d1e07cdc,
ADD,MANUAL,DoorDash Inc. DoorDash ST-A1F8X9B1O5C9,62def1427b212526d1e06483,
ADD,MANUAL,E Bay O*,621b99325f87e75f5365a3e1,
ADD,FALSE_POSITIVE,Energy,,
ADD,FALSE_POSITIVE,Energy Inc.,,
ADD,FALSE_POSITIVE,Energy LLC,,
ADD,FALSE_POSITIVE,Cellars,,
ADD,FALSE_POSITIVE,Cellars LLC,,
ADD,FALSE_POSITIVE,Impact,,
ADD,FALSE_POSITIVE,Rocks,,
ADD,FALSE_POSITIVE,25 Degrees,,
ADD,FALSE_POSITIVE,Degrees,,
ADD,FALSE_POSITIVE,Group Inc.,,
ADD,FALSE_POSITIVE,Tequila,,
ADD,FALSE_POSITIVE,Zip Co,,
ADD,FALSE_POSITIVE,Annies,,
ADD,FALSE_POSITIVE,Aramark,,
ADD,FALSE_POSITIVE,Article,,
ADD,FALSE_POSITIVE,Asahi,,
ADD,FALSE_POSITIVE,Bailey's,,
ADD,FALSE_POSITIVE,Bantam,,
ADD,FALSE_POSITIVE,Big Red,,
ADD,FALSE_POSITIVE,Blackstones,,
ADD,FALSE_POSITIVE,Blake S,,
ADD,FALSE_POSITIVE,Bold LLC,,
ADD,FALSE_POSITIVE,Bon Appetit,,
ADD,FALSE_POSITIVE,Booking,,
ADD,FALSE_POSITIVE,Bounty,,
ADD,FALSE_POSITIVE,Brew Tea,,
ADD,FALSE_POSITIVE,Burlington,,
ADD,FALSE_POSITIVE,Butler,,
ADD,FALSE_POSITIVE,Clevel,,
ADD,FALSE_POSITIVE,Cadillac,,
ADD,FALSE_POSITIVE,Kernville,,
ADD,FALSE_POSITIVE,Capri,,
ADD,FALSE_POSITIVE,Carta,,
ADD,FALSE_POSITIVE,Champions,,
ADD,FALSE_POSITIVE,Chocolate,,
ADD,FALSE_POSITIVE,Circa,,
ADD,FALSE_POSITIVE,Clamato,,
ADD,FALSE_POSITIVE,Home Slice Pizza,,
ADD,FALSE_POSITIVE,Slice Pizza,,
ADD,FALSE_POSITIVE,Classico,,
ADD,FALSE_POSITIVE,Clear,,
ADD,FALSE_POSITIVE,Clyde,,
ADD,FALSE_POSITIVE,Contact,,
ADD,FALSE_POSITIVE,Contigo,,
ADD,FALSE_POSITIVE,Costa,,
ADD,FALSE_POSITIVE,Crypto,,
ADD,FALSE_POSITIVE,Crypto.com,,
ADD,FALSE_POSITIVE,Deluxe,,
ADD,FALSE_POSITIVE,Diversey,,
ADD,FALSE_POSITIVE,Donatio,,
ADD,FALSE_POSITIVE,Dockers,,
ADD,FALSE_POSITIVE,Downeast,,
ADD,FALSE_POSITIVE,Earth,,
ADD,FALSE_POSITIVE,East Bay,,
ADD,FALSE_POSITIVE,Evan's,,
ADD,FALSE_POSITIVE,Farmstead,,
ADD,FALSE_POSITIVE,Farmstead LLC,,
ADD,FALSE_POSITIVE,Fresh,,
ADD,FALSE_POSITIVE,Gear Trader LLC,,
ADD,FALSE_POSITIVE,Food Giant,,
ADD,FALSE_POSITIVE,Glory Bees LLC,,
ADD,FALSE_POSITIVE,Graham,,
ADD,FALSE_POSITIVE,Grain,,
ADD,FALSE_POSITIVE,Graze,,
ADD,FALSE_POSITIVE,Greenhouse Pr,,
ADD,FALSE_POSITIVE,Harbor,,
ADD,FALSE_POSITIVE,Heights,,
ADD,FALSE_POSITIVE,Honey,,
ADD,FALSE_POSITIVE,Hudson Roastery,,
ADD,FALSE_POSITIVE,Hunt's,,
ADD,FALSE_POSITIVE,Pay W63 J7 D9 S,,
ADD,FALSE_POSITIVE,Joules,,
ADD,FALSE_POSITIVE,Keystone,,
ADD,FALSE_POSITIVE,Keystoneb,,
ADD,FALSE_POSITIVE,Library,,
ADD,FALSE_POSITIVE,Lighthouse,,
ADD,FALSE_POSITIVE,Liquor,,
ADD,FALSE_POSITIVE,Lobster,,
ADD,FALSE_POSITIVE,Merit,,
ADD,FALSE_POSITIVE,Method,,
ADD,FALSE_POSITIVE,MetLife,,
ADD,FALSE_POSITIVE,Metropolitan,,
ADD,FALSE_POSITIVE,Mickeys,,
ADD,FALSE_POSITIVE,Montys,,
ADD,FALSE_POSITIVE,Mother,,
ADD,FALSE_POSITIVE,Mpp Holdings,,
ADD,FALSE_POSITIVE,Nancy's,,
ADD,FALSE_POSITIVE,Nellie S,,
ADD,FALSE_POSITIVE,Next Door,,
ADD,FALSE_POSITIVE,North,,
ADD,FALSE_POSITIVE,Organics,,
ADD,FALSE_POSITIVE,Pacifico,,
ADD,FALSE_POSITIVE,Pavilion,,
ADD,FALSE_POSITIVE,Philips,,
ADD,FALSE_POSITIVE,Phillips 66,,
ADD,FALSE_POSITIVE,Picnic,,
ADD,FALSE_POSITIVE,Planet,,
ADD,FALSE_POSITIVE,Porter's,,
ADD,FALSE_POSITIVE,Premiere,,
ADD,FALSE_POSITIVE,Princess,,
ADD,FALSE_POSITIVE,Proper,,
ADD,FALSE_POSITIVE,Public,,
ADD,FALSE_POSITIVE,Radius,,
ADD,FALSE_POSITIVE,Redbox,,
ADD,FALSE_POSITIVE,Revelry,,
ADD,FALSE_POSITIVE,Rising,,
ADD,FALSE_POSITIVE,Roark,,
ADD,FALSE_POSITIVE,Rooted,,
ADD,FALSE_POSITIVE,Scott,,
ADD,FALSE_POSITIVE,Sears,,
ADD,FALSE_POSITIVE,Sea Salt,,
ADD,FALSE_POSITIVE,Seasons,,
ADD,FALSE_POSITIVE,Side Door,,
ADD,FALSE_POSITIVE,Simply,,
ADD,FALSE_POSITIVE,Sleep,,
ADD,FALSE_POSITIVE,Soleil,,
ADD,FALSE_POSITIVE,Southern,,
ADD,FALSE_POSITIVE,Square,,
ADD,FALSE_POSITIVE,Summer,,
ADD,FALSE_POSITIVE,Summer's,,
ADD,FALSE_POSITIVE,Superhuman,,
ADD,FALSE_POSITIVE,Supercharge,,
ADD,FALSE_POSITIVE,Sweet Moment,,
ADD,FALSE_POSITIVE,Terra,,
ADD,FALSE_POSITIVE,The Store,,
ADD,FALSE_POSITIVE,The Hunny Pot,,
ADD,FALSE_POSITIVE,The House,,
ADD,FALSE_POSITIVE,Travelers,,
ADD,FALSE_POSITIVE,The White,,
ADD,FALSE_POSITIVE,The Bu,,
ADD,FALSE_POSITIVE,Plus Tires,,
ADD,FALSE_POSITIVE,Treatment,,
ADD,FALSE_POSITIVE,Trident,,
ADD,FALSE_POSITIVE,Unity,,
ADD,FALSE_POSITIVE,Vigilante,,
ADD,FALSE_POSITIVE,We Are,,
ADD,FALSE_POSITIVE,Whistle,,
ADD,FALSE_POSITIVE,Espresso,,
ADD,FALSE_POSITIVE,Espresso LLC,,
ADD,FALSE_POSITIVE,01016 MAZDA TOYOTA,,
ADD,FALSE_POSITIVE,Zip,,
ADD,FALSE_POSITIVE,BOLD LLC,,
ADD,FALSE_POSITIVE,BOSTON COMMON G,,
ADD,FALSE_POSITIVE,CAMP,,
ADD,FALSE_POSITIVE,6296CODE,,
ADD,FALSE_POSITIVE,2643code,,
ADD,FALSE_POSITIVE,2303code,,
ADD,FALSE_POSITIVE,Diamond 2,,
ADD,FALSE_POSITIVE,Food52,,
ADD,FALSE_POSITIVE,GOOD2GO,,
ADD,FALSE_POSITIVE,Keen.com,,
ADD,FALSE_POSITIVE,LONE PINE B,,
ADD,FALSE_POSITIVE,RING-1,,
ADD,FALSE_POSITIVE,SOCIETY6,,