ticker,legacyId,companyName,justCapital_metric_Workforce Demographics,justCapital_metric_Health and Safety Policies,justCapital_metric_Local Employment Pipeline,justCapital_metric_Worker Benefits Package,justCapital_metric_Human Rights Reporting,justCapital_metric_Labor & Human Rights Commitment,justCapital_metric_Work-Life Balance,justCapital_metric_Actions to Support Human Rights Commitment,justCapital_metric_Supplier Requirements on Labor & Human Rights,justCapital_metric_Opportunities for Local Businesses,justCapital_metric_Human Rights Supply Chain Safeguards,justCapital_metric_Local School Support,justCapital_metric_Related Party Transactions,justCapital_metric_Board Diversity,justCapital_metric_SEC Filings Review,justCapital_metric_Commitment to Following Laws & Regulations,justCapital_metric_Privacy Policies,justCapital_metric_Sustainable Products and Services,justCapital_metric_Local Community Engagement,justCapital_metric_Scope 1 Plus 2 Greenhouse Gas Emissions,justCapital_metric_Renewable Energy Percentage_0.5,justCapital_metric_Renewable Energy Percentage_1,"justCapital_metric_Diversity, Equity, and Inclusion Policies",justCapital_metric_Transparent Charitable Giving,justCapital_metric_Resource Use,justCapital_metric_Climate Commitments
DECK,18719,Deckers Outdoor Corporation,1,0,0,1,1,1,1,0,1,0,1,0,1,0,1,0,1,0,1,0,0,,1,1,0,0
MOS,10547,The Mosaic Company,0,1,0,0,0,0,1,0,0,0,1,0,1,0,1,0,0,0,1,0,1,,1,1,0,1
WMB,10891,"The Williams Company, Inc.",0,1,0,1,0,0,1,0,0,1,0,1,1,0,1,1,0,0,1,0,0,,0,1,0,1
CSGP,10212,CoStar Group Inc,0,0,0,1,0,0,0,0,0,0,0,0,1,0,1,0,1,0,0,0,0,,0,0,0,0
UA,16376,Under Armour,1,1,1,1,1,1,1,1,1,1,1,0,0,0,1,1,1,0,1,0,0,,1,0,0,1
UPS,10847,"United Parcel Service, Inc.",1,1,1,0,0,1,0,1,1,1,1,0,1,1,1,1,1,0,1,0,1,,1,1,0,1
GGG,10350,Graco Inc,0,0,0,0,0,0,0,0,1,0,0,1,1,0,1,0,1,0,0,0,0,,0,1,0,1
BBWI,10480,"L Brands, Inc.",0,0,0,1,1,0,1,1,1,1,1,0,0,1,1,0,0,0,1,0,1,,0,0,0,0
BK,12789,BNY Mellon,1,0,1,1,0,1,1,1,1,1,1,0,1,0,1,1,0,0,1,0,,1,1,1,0,1
CZR,12682,Caesars Entertainment,0,0,1,0,0,1,0,0,1,1,0,0,1,0,1,1,0,0,1,0,0,,1,1,0,1
ACI,12287,Albertsons Companies,0,0,1,0,0,0,0,0,0,0,0,1,1,0,1,1,1,0,0,0,0,,0,0,0,0
LMND,11654,"Lemonade, Inc.",0,0,0,0,0,0,0,0,0,0,0,0,1,0,1,1,1,1,0,0,0,,0,0,0,0
SNOW,11479,"Snowflake, LLC",0,0,0,0,0,1,0,0,1,0,0,0,1,0,1,0,1,0,0,0,0,,0,0,0,0
ZTS,10928,Zoetis Inc,1,1,0,1,0,1,0,0,1,1,0,0,1,0,1,1,1,0,0,0,0,,1,1,0,0
ZS,10927,Zscaler,0,0,0,0,0,0,0,0,0,0,0,0,1,0,1,1,1,0,0,0,0,,0,0,0,0
ZNGA,10926,Zynga Inc,0,0,0,1,0,1,1,0,0,0,0,0,0,0,1,0,1,0,0,0,0,,0,0,0,0
ZM,10925,Zoom Video Communications Inc,0,0,0,1,0,1,1,0,0,0,0,1,1,0,1,1,1,0,0,0,0,,0,0,0,0
ZION,10924,"Zions Bancorporation, National Association",0,0,0,0,0,0,1,0,0,1,0,0,1,0,1,0,1,0,0,0,0,,1,0,0,0
ZEN,10923,Zendesk Inc,1,0,1,1,0,0,1,0,0,0,0,0,1,0,1,1,1,0,0,1,0,,0,1,0,1
ZBRA,10922,Zebra Technologies Corporation,0,1,0,1,0,1,1,1,1,0,0,0,1,0,1,1,1,0,0,0,0,,0,0,0,0
ZBH,10921,Zimmer Biomet Holdings Inc,0,1,1,1,0,1,0,0,1,1,0,1,1,0,1,1,0,0,0,0,0,,0,0,0,0
Z,10920,"Zillow Group, Inc.",1,0,0,1,0,0,1,0,1,1,0,1,0,0,1,1,1,1,1,0,0,,1,0,0,0
YUM,10919,YUM! Brands Inc,0,0,0,1,0,1,1,0,1,1,0,0,1,0,1,1,1,0,1,0,1,,1,0,0,1
Y,10918,Alleghany Corporation,1,0,1,0,0,0,0,0,1,0,0,0,1,0,1,0,0,0,0,1,0,,0,1,0,0
XYL,10917,Xylem Inc.,1,1,0,1,0,1,0,1,1,1,0,0,1,0,1,1,1,0,1,0,1,,1,0,0,1
XRX,10916,Xerox Corporation,1,1,1,0,0,1,1,1,1,1,0,0,1,1,1,1,1,1,1,0,1,,0,0,1,1
XRAY,10915,DENTSPLY SIRONA Inc.,1,1,1,0,0,1,1,0,1,1,1,0,1,0,1,1,1,0,0,0,0,,0,0,0,0
XPO,10914,"XPO Logistics, Inc.",0,1,1,0,0,1,0,0,0,1,0,1,1,0,1,1,0,0,1,0,0,,1,0,0,0
XOM,10913,Exxon Mobil Corporation,0,1,1,1,0,1,1,1,1,1,1,1,1,0,1,1,1,1,1,0,0,,0,1,0,1
XLRN,10912,Acceleron Pharma Inc.,0,0,0,1,0,0,0,0,0,0,0,0,1,0,1,1,1,0,0,0,0,,0,0,0,0
XLNX,10911,"Xilinx, Inc.",1,1,0,0,0,1,0,1,1,0,1,1,1,0,1,1,1,0,1,0,1,,0,1,0,1
XEL,10910,Xcel Energy Inc.,1,1,1,1,0,1,0,0,0,1,0,0,1,0,1,1,0,0,1,0,1,,1,1,0,1
WYNN,10908,"Wynn Resorts, Limited",0,0,1,1,0,0,0,0,0,1,0,1,1,0,1,1,1,0,0,0,1,,0,1,0,0
WY,10906,Weyerhaeuser Company,1,1,1,1,0,1,0,1,1,1,1,1,1,0,1,1,1,0,1,0,,1,1,1,1,0
WWE,10905,"World Wrestling Entertainment, Inc.",0,0,1,0,0,0,0,0,0,0,0,0,0,0,1,1,1,0,0,0,0,,0,0,0,0
WWD,10904,"Woodward, Inc.",1,1,0,0,0,1,0,0,1,1,0,1,1,0,1,1,1,0,0,0,0,,0,1,0,0
WU,10903,The Western Union Company,0,0,0,1,1,1,1,0,1,0,1,1,1,0,1,1,1,0,1,0,0,,1,1,0,0
WTRG,10902,Essential Utilities,1,1,1,0,0,1,0,1,1,1,1,0,1,0,1,1,0,0,1,0,1,,0,1,0,1
WTM,10901,"White Mountains Insurance Group, Ltd",0,0,0,0,0,0,0,0,0,0,0,0,1,0,1,0,0,0,0,0,0,,0,0,0,0
WTFC,10900,Wintrust Financial Corporation,0,0,0,0,0,0,0,0,0,0,0,0,1,0,1,1,0,0,0,0,0,,0,0,0,0
WSO,10898,Watsco Inc,0,0,0,0,0,1,0,0,0,0,0,0,0,0,1,1,0,0,0,0,0,,0,0,0,0
WSM,10897,Williams-Sonoma Inc,1,1,1,1,0,1,0,0,1,1,1,1,1,0,1,1,0,1,0,0,0,,0,0,0,1
WRK,10896,WestRock Company,0,1,1,0,0,1,0,0,1,1,1,0,0,0,1,0,1,0,1,0,1,,0,0,0,1
WRB,10895,W.R. Berkley Corporation,0,0,0,1,0,0,1,0,0,0,0,0,1,0,1,1,0,1,0,1,0,,0,1,0,0
WMT,10892,Walmart Inc.,1,0,1,1,1,1,0,1,1,1,0,0,0,0,1,1,1,0,1,0,1,,1,1,1,1
WM,10890,"Waste Management, Inc.",1,1,1,0,0,1,0,0,1,1,1,0,1,0,1,1,1,0,0,0,1,,1,1,0,1
WTW,10889,Willis Towers Watson PLC,0,1,0,0,0,1,0,0,0,1,1,0,1,0,1,0,1,0,0,0,0,,1,0,0,1
WLK,10888,Westlake Chemical Corp,0,1,0,0,0,0,0,0,1,1,0,0,1,0,1,0,0,0,1,0,0,,0,1,0,0
WHR,10887,Whirlpool Corp,0,1,1,0,1,1,1,0,1,1,0,1,1,0,1,1,1,0,1,0,1,,1,1,1,1
WH,10886,"Wyndham Hotels & Resorts, Inc.",1,1,1,1,0,1,0,1,1,1,1,0,1,0,1,1,1,0,1,0,0,,1,1,0,1
WFC,10885,Wells Fargo & Co,1,0,1,1,0,1,1,1,0,1,1,1,1,0,1,1,1,1,1,1,,1,1,1,0,1
WEX,10884,WEX Inc.,0,0,0,0,0,1,1,0,1,0,0,0,1,1,1,1,1,0,1,0,0,,0,0,0,0
WEN,10883,The Wendy's Company,0,0,1,0,0,0,0,0,1,0,0,0,1,0,1,1,1,0,1,0,0,,0,1,0,0
WEC,10882,WEC Energy Group Inc,0,1,1,0,0,1,0,1,0,1,1,1,0,1,1,1,0,0,1,0,1,,0,1,0,1
WDC,10881,Western Digital Corp,1,1,0,1,1,1,0,1,1,0,0,1,1,0,1,1,1,0,0,0,1,,1,0,1,0
WDAY,10880,Workday Inc,1,0,1,1,0,1,1,0,1,1,0,0,0,1,1,1,1,1,1,1,,1,1,1,1,1
WBS,10879,Webster Financial Corp,0,0,0,1,0,0,0,0,1,0,0,1,1,1,1,1,0,0,0,0,0,,1,1,0,0
WBA,10878,"Walgreens Boots Alliance, Inc.",0,0,1,1,0,1,0,0,1,1,1,0,0,0,1,0,1,1,1,0,1,,1,1,0,1
WAT,10877,Waters Corp,0,0,0,0,0,0,1,0,0,0,0,1,1,0,1,1,1,0,1,0,0,,0,0,0,1
WAL,10876,Western Alliance Bancorp,0,0,0,0,0,0,0,0,0,0,0,1,1,0,1,1,0,0,0,0,0,,0,0,0,0
W,10874,Wayfair Inc.,0,0,1,0,0,0,1,0,0,0,0,0,1,0,1,0,1,0,0,0,0,,0,1,0,0
VZ,10873,Verizon Communications Inc.,1,1,1,1,1,1,1,1,1,1,1,1,1,1,1,1,1,0,1,0,1,,1,1,0,1
VVV,10872,Valvoline Inc,0,1,0,0,0,1,0,0,1,1,1,0,1,0,1,1,1,0,1,0,0,,0,0,1,0
VTR,10871,"Ventas, Inc.",1,0,0,1,0,0,0,0,1,0,0,1,0,0,1,1,1,0,0,0,0,,1,1,0,1
VST,10870,Vistra Corp,1,1,1,1,0,1,0,1,1,1,1,1,1,0,1,1,1,0,1,0,0,,1,0,0,1
VSAT,10869,"Viasat, Inc.",0,0,1,1,0,1,1,0,0,1,1,0,1,0,1,1,0,0,0,0,0,,0,0,0,0
VRT,10867,Vertiv Holdings,0,0,1,0,0,1,0,0,1,0,1,0,1,0,0,1,0,0,0,0,0,,0,0,0,0
VRSN,10866,VeriSign Inc,0,0,1,1,0,0,1,0,0,0,0,0,1,0,1,1,1,0,0,0,0,,0,0,0,0
VRSK,10865,Verisk Analytics Inc,1,0,0,1,1,1,1,1,1,1,1,1,1,0,1,1,1,0,0,0,,1,0,1,0,1
VOYA,10864,Voya Financial Inc,0,0,0,0,0,1,1,0,1,0,1,1,1,0,1,1,1,0,1,1,,1,1,0,1,0
VNO,10863,Vornado Realty Trust,0,0,0,0,0,0,0,0,0,1,0,0,0,0,1,0,1,1,1,0,0,,0,0,0,1
VMW,10862,VMware Inc,1,0,1,1,0,1,1,0,1,1,0,0,0,0,1,1,1,1,1,1,,1,1,1,1,1
VMI,10861,Valmont Industries Inc,0,1,1,0,0,1,0,1,0,1,1,0,1,0,1,1,0,0,0,0,1,,0,0,0,0
VMC,10860,Vulcan Materials Company,1,1,1,0,0,0,0,0,0,0,0,1,1,0,1,1,0,0,0,0,1,,0,0,0,0
VLO,10859,Valero Energy Corp,0,1,1,1,0,1,1,1,1,1,1,0,1,0,1,0,0,0,1,0,0,,1,1,0,1
VIRT,10858,Virtu Financial Inc.,0,0,0,0,0,0,0,0,0,0,0,0,1,0,1,1,0,0,0,0,0,,0,0,0,0
VIAC,10857,ViacomCBS Inc,1,1,1,1,0,0,1,0,1,1,0,1,1,1,1,1,1,0,1,0,1,,1,0,0,1
VFC,10856,VF Corp,1,1,1,1,1,1,1,1,1,0,1,1,1,0,1,1,1,1,1,0,1,,1,1,0,1
VEEV,10855,Veeva Systems,1,0,0,0,0,1,0,0,1,0,0,0,1,0,1,1,1,0,0,0,0,,0,0,0,0
V,10853,Visa Inc,1,0,1,1,1,1,1,1,1,1,1,0,1,0,1,1,1,1,1,1,,1,1,1,0,1
UTHR,10852,United Therapeutics Corp,0,0,0,1,0,0,1,0,0,1,0,1,1,1,1,0,1,0,1,0,0,,0,0,0,0
USFD,10850,US Foods Holding Corp.,0,0,1,1,0,0,0,0,1,1,0,1,1,0,1,1,0,0,1,0,0,,0,1,0,0
USB,10849,US Bancorp,1,0,1,1,0,1,1,0,0,1,0,0,1,1,1,1,1,0,0,0,1,,0,1,0,1
URI,10848,United Rentals Inc,0,1,1,0,0,1,0,1,1,1,1,0,1,0,1,1,1,0,1,0,0,,0,1,0,1
UNVR,10846,Univar USA Inc,0,1,0,0,0,1,0,1,0,0,0,0,1,0,1,1,1,0,0,0,0,,0,0,0,1
UNP,10845,Union Pacific Corp,0,1,1,1,0,1,0,1,0,1,0,1,1,0,1,1,0,0,1,0,0,,1,0,0,1
UNM,10844,Unum Group,0,0,1,1,0,1,1,1,1,1,0,0,1,0,1,1,1,0,0,1,0,,1,0,0,0
UNH,10843,UnitedHealth Group Inc,1,1,1,1,0,1,1,0,1,1,0,0,1,0,1,1,0,0,0,1,1,,1,1,0,1
UMPQ,10842,Umpqua Holdings Corp,0,0,1,0,0,0,0,0,0,1,0,0,1,0,1,1,1,0,1,0,0,,1,1,0,0
ULTA,10841,"Ulta Beauty, Inc",0,0,0,0,0,0,0,0,0,0,0,1,1,1,1,1,0,0,1,0,1,,0,1,0,0
UI,10840,Ubiquiti,0,0,0,0,0,0,0,0,0,0,0,0,0,0,1,1,0,0,0,0,0,,0,0,0,0
UHS,10839,Universal Health Services Inc,0,0,1,0,0,0,0,0,0,0,0,0,0,0,1,0,0,0,0,0,0,,0,0,0,0
UHAL,10838,AMERCO,0,0,1,0,0,0,0,0,0,0,0,0,0,0,1,0,1,0,0,0,0,,0,0,0,0
UGI,10837,UGI Corp,0,1,1,1,0,1,1,1,1,1,0,1,1,0,1,1,0,0,1,0,0,,0,1,0,1
UDR,10836,UDR Inc,1,0,1,0,0,0,0,0,0,0,0,0,1,0,1,1,1,0,1,0,0,,1,0,0,1
UBER,10835,"Uber Technologies, Inc.",1,1,1,1,0,1,1,0,1,1,0,0,1,0,1,1,1,1,1,0,1,,1,1,0,1
UAL,10834,"United Airlines Holdings, Inc",1,1,1,0,0,1,0,0,0,1,1,0,1,0,1,1,1,0,0,0,0,,0,0,0,1
TYL,10832,Tyler Technologies Inc,1,0,0,0,0,1,0,0,1,0,0,1,1,0,1,1,1,0,0,0,0,,0,1,0,0
TXT,10831,Textron Inc,0,1,1,1,0,1,1,0,1,1,0,1,1,0,1,1,1,0,0,0,0,,1,1,0,1
TXN,10830,Texas Instruments Inc,0,1,0,0,1,1,1,1,1,1,1,1,1,0,1,1,0,0,1,0,1,,1,1,1,1
TXG,10829,10X Genomics,0,0,0,0,0,0,1,0,0,0,0,0,1,0,1,0,1,0,0,0,0,,0,0,0,0
TWTR,10828,Twitter Inc,1,0,1,0,0,0,1,0,0,1,0,0,0,0,1,0,1,0,0,0,0,,1,1,0,0
TWLO,10826,Twilio Inc,1,0,1,1,0,1,1,0,1,0,0,0,1,0,1,1,1,0,0,1,0,,1,1,0,0
TTWO,10824,Take-Two Interactive Software Inc,0,0,0,0,0,1,1,0,1,0,0,0,0,0,1,1,1,0,0,0,0,,0,0,0,0
TTD,10823,"The Trade Desk, Inc.",0,0,0,0,0,0,0,0,0,0,0,0,1,0,1,0,1,0,0,0,0,,0,0,0,0
TTC,10822,The Toro Company,0,1,0,1,0,1,0,0,1,0,0,0,1,0,1,1,0,1,0,0,0,,0,0,0,0
TT,10821,Trane Technologies,0,1,1,1,0,1,1,1,1,1,1,1,1,0,1,1,1,0,1,0,1,,1,1,0,1
TSN,10820,Tyson Foods Inc,1,1,1,1,0,1,0,1,1,1,0,1,1,0,0,0,1,0,1,0,1,,0,0,1,1
TSLA,10819,"Tesla, Inc.",1,0,1,1,0,1,0,0,1,1,1,1,1,0,1,0,1,1,0,0,0,,0,0,0,0
TSCO,10818,Tractor Supply Co Inc,0,0,1,1,0,0,0,0,1,0,0,1,1,1,1,1,1,0,0,0,1,,1,1,0,1
TRV,10817,"The Travelers Companies, Inc.",0,0,1,1,0,1,1,0,1,1,0,0,1,0,1,1,0,0,1,1,1,,1,1,0,0
TRU,10816,TransUnion LLC,1,0,0,1,0,1,1,0,0,0,1,0,1,0,1,1,1,0,0,0,0,,1,0,0,0
TROW,10815,T. Rowe Price Group Inc.,1,0,1,1,0,0,1,0,0,1,0,1,1,1,1,0,1,0,1,0,0,,0,1,0,0
TRMB,10813,"Trimble, Inc.",1,0,1,0,0,1,0,0,1,1,1,0,1,0,1,1,1,0,0,1,0,,0,1,0,0
TRIP,10812,TripAdvisor Inc,0,0,0,1,0,1,1,0,0,0,0,0,0,0,1,1,1,0,0,0,0,,0,1,0,0
TRGP,10811,Targa Resources Corp,0,1,0,0,0,0,0,0,0,1,0,1,1,0,1,1,0,0,0,0,0,,0,0,0,0
TREX,10810,"Trex Company, Inc.",0,1,0,0,0,1,0,0,1,0,1,0,1,0,1,1,1,0,1,0,1,,0,1,0,0
TPX,10808,"Tempur Sealy International, Inc.",0,1,0,0,0,0,0,0,0,0,0,0,1,0,1,1,1,0,0,0,0,,1,1,1,1
TPR,10807,"Tapestry, Inc.",0,1,0,1,0,0,0,0,1,0,0,1,1,1,1,0,0,0,0,0,0,,1,1,0,1
TOL,10806,Toll Brothers Inc,0,0,0,1,0,1,0,1,1,0,0,0,0,0,1,1,1,0,1,0,0,,0,0,0,0
TNDM,10805,"Tandem Diabetes Care, Inc.",0,0,0,1,0,0,0,0,0,0,1,0,1,0,1,1,1,0,0,0,0,,0,0,0,0
TMX,10804,Terminix Global Holdings Inc,0,0,0,0,0,1,0,0,0,1,0,0,1,0,1,0,1,0,0,0,0,,0,0,0,0
TMUS,10803,"T-Mobile US, Inc",0,0,1,1,0,0,1,0,1,1,0,0,0,0,1,1,1,1,0,0,1,,1,0,0,1
TMO,10802,Thermo Fisher Scientific Inc,0,1,1,1,0,1,0,0,1,1,0,1,0,0,1,1,1,0,1,0,1,,0,0,0,1
TKR,10801,Timken Co,0,1,1,1,0,1,1,0,1,1,1,1,1,0,1,1,1,0,0,0,0,,1,0,1,0
TJX,10800,"The TJX Companies, Inc.",0,0,1,0,0,0,0,1,1,1,1,1,1,1,1,0,0,0,0,0,1,,1,0,0,1
THO,10797,Thor Industries Inc,0,0,0,0,0,1,0,0,1,0,0,0,1,0,1,1,1,0,0,0,1,,0,0,0,1
THG,10796,"The Hanover Insurance Group, Inc.",1,1,0,1,0,0,1,0,0,0,0,0,1,0,1,1,0,1,0,0,0,,0,0,0,0
TGT,10795,Target Corporation,1,0,1,1,1,1,1,1,1,1,1,0,0,1,1,0,1,0,1,0,1,,1,1,1,1
TFX,10794,Teleflex Inc,0,1,0,0,0,1,0,0,1,1,0,0,1,0,1,1,0,0,0,0,0,,0,0,0,0
TFSL,10793,TFS Financial Corp,0,0,0,0,0,0,1,0,0,0,0,0,1,0,1,0,1,0,0,0,0,,0,1,0,0
TFC,10792,Truist Financial Corporation,1,1,1,1,0,1,1,0,1,1,0,0,1,0,1,1,1,0,1,0,0,,1,1,0,1
TER,10791,Teradyne Inc,0,1,0,1,0,1,1,0,1,0,1,0,1,0,1,0,0,0,1,0,1,,1,0,0,1
TECH,10790,Bio-Techne Corp,1,0,0,0,0,1,0,0,1,0,0,1,1,0,1,1,1,0,0,0,0,,0,0,0,0
TDY,10789,Teledyne Technologies Inc,0,1,0,0,0,1,0,0,1,0,1,0,1,0,1,1,1,0,0,0,0,,0,0,0,0
TDOC,10787,Teladoc Health,0,0,0,0,0,0,0,0,0,1,0,0,1,0,1,1,1,0,0,0,0,,0,1,0,0
TDG,10786,TransDigm Group Inc,0,0,1,0,0,1,0,1,0,0,0,1,1,0,1,0,0,0,0,0,0,,0,0,0,0
TDC,10785,Teradata Corp,1,1,0,1,0,1,1,0,1,1,1,0,1,0,1,1,1,0,0,0,0,,0,1,0,1
TAP,10783,Molson Coors Brewing Company,0,1,1,1,0,1,1,0,1,1,1,0,0,0,1,1,1,0,1,0,1,,0,1,1,1
T,10782,AT&T Inc,1,1,1,1,1,1,0,1,1,1,1,1,1,0,1,1,1,0,1,0,1,,0,1,0,1
SYY,10781,Sysco Corp,1,1,1,1,1,1,0,1,1,1,0,0,1,0,1,1,1,0,1,0,1,,1,1,0,0
SYNH,10780,"Syneos Health, Inc.",0,0,1,0,0,1,0,0,1,1,1,0,1,0,1,1,1,0,0,0,0,,0,0,0,1
SYK,10779,Stryker Corp,1,1,1,1,0,1,1,0,1,1,1,0,1,0,1,0,1,0,0,0,0,,0,0,0,1
SYF,10778,Synchrony Financial,1,0,1,1,0,1,1,0,0,1,0,1,1,1,1,1,1,0,0,1,0,,1,1,0,0
SWKS,10777,Skyworks Solutions Inc,0,1,0,0,0,1,0,0,1,0,1,1,1,0,1,0,1,0,0,0,1,,0,0,0,0
SWK,10776,"Stanley Black & Decker, Inc.",0,1,1,0,0,1,0,0,1,1,0,0,1,0,1,1,1,0,0,0,1,,1,1,1,1
SWI,10775,"Solarwinds, Inc.",0,0,0,0,0,0,0,0,0,0,0,0,1,0,1,1,1,0,0,0,0,,0,0,0,0
SWCH,10774,Switch Inc,0,1,1,1,0,1,0,1,0,0,0,0,1,0,0,1,0,0,0,0,,1,0,0,0,1
SUI,10773,Sun Communities Inc,0,0,1,1,0,1,0,0,0,0,0,1,0,0,1,1,1,0,0,0,0,,0,0,0,0
STZ,10772,Constellation Brands Inc,0,0,0,0,0,0,0,0,1,0,0,0,0,0,1,1,0,0,0,0,0,,0,0,0,0
STT,10771,State Street Corp,1,0,0,1,0,1,1,0,1,1,1,1,1,0,1,1,1,0,1,0,1,,1,1,0,1
STLD,10770,Steel Dynamics Inc,0,0,0,0,0,1,0,0,0,0,1,0,1,0,1,1,0,0,0,0,0,,0,0,0,0
STL,10769,Sterling Bancorp,0,0,0,0,0,0,0,0,0,0,0,0,1,0,1,1,0,0,0,0,0,,0,0,0,0
STE,10768,STERIS plc,0,1,0,0,0,1,1,1,1,1,1,0,1,0,1,1,1,0,0,0,0,,0,0,0,0
SSNC,10765,"SS&C Technologies, Inc.",0,0,0,0,0,1,0,0,0,0,1,0,1,0,1,1,1,0,0,0,0,,0,0,0,0
SRPT,10764,"Sarepta Therapeutics, Inc.",0,0,0,1,0,0,0,0,0,0,0,0,1,0,1,0,0,0,0,0,0,,0,0,0,0
SRE,10763,Sempra Energy,1,1,1,1,0,1,1,1,0,1,0,1,1,1,1,0,0,0,1,0,0,,1,1,0,1
SRCL,10762,Stericycle Inc,1,1,1,0,0,1,0,1,0,0,1,0,1,0,0,1,1,0,0,0,0,,0,0,0,0
SQ,10761,Square Inc,1,0,0,1,0,0,1,0,0,0,0,1,0,0,1,1,1,1,0,1,0,,1,0,0,1
SPR,10760,Spirit Aerosystems Holdings Inc,0,1,1,1,0,1,0,0,1,1,0,0,0,0,0,1,0,0,0,0,0,,1,0,0,1
SPLK,10759,Splunk Inc,1,0,1,1,0,1,0,0,0,0,0,0,1,0,1,0,1,0,0,1,1,,0,0,0,0
SPGI,10758,S&P Global Inc.,1,1,1,1,0,1,1,0,1,1,1,1,1,0,1,1,1,1,1,1,0,,1,1,0,1
SPG,10757,Simon Property Group Inc,0,0,0,0,0,0,0,0,0,0,0,1,1,0,1,1,1,0,1,0,0,,0,0,0,1
SPCE,10756,Virgin Galactic,0,0,0,0,0,0,0,0,0,0,0,0,1,0,0,0,0,0,0,0,0,,0,0,0,0
SPB,10755,Spectrum Brands Holdings Inc,0,0,1,0,0,1,0,1,1,1,1,0,1,0,0,1,1,0,0,0,1,,0,0,0,1
SON,10754,Sonoco Products Company,0,0,1,0,0,1,0,1,1,1,1,1,1,0,1,1,0,0,1,0,0,,0,1,0,0
SO,10753,The Southern Company,0,0,1,1,0,0,0,0,0,1,0,0,0,0,1,1,0,0,0,0,1,,0,1,1,1
SNV,10751,Synovus Financial Corp,0,0,1,1,0,0,0,0,0,1,0,0,1,0,1,0,1,0,0,0,0,,0,1,0,0
SNPS,10750,Synopsys Inc,1,0,0,1,0,1,0,0,1,0,1,1,1,0,1,0,1,0,0,0,1,,1,0,0,1
SNDR,10749,Schneider National Inc,1,0,1,0,0,1,0,0,1,0,0,1,1,0,1,1,1,0,0,0,0,,0,0,0,1
SNA,10748,Snap-On Inc,0,1,1,1,0,1,0,0,1,1,1,0,1,0,1,1,1,0,0,0,0,,1,0,0,0
SMG,10747,The Scotts Miracle-Gro Company,0,1,1,0,0,1,0,1,0,1,1,1,0,0,1,1,1,0,1,0,0,,0,0,0,0
SMAR,10746,Smartsheet Inc.,0,0,0,0,0,1,0,0,1,1,0,0,1,0,0,0,1,0,0,0,0,,1,0,0,0
SLM,10745,SLM Corporation,0,0,0,1,0,0,1,0,0,1,0,0,1,0,1,1,0,0,0,0,0,,0,1,0,0
SLGN,10744,Silgan Holdings Inc,0,1,1,0,0,0,0,0,0,0,0,0,1,0,1,0,0,0,0,0,0,,0,0,0,0
SLG,10743,SL Green Realty Corp,0,0,0,1,0,1,0,0,1,1,0,1,0,0,1,1,0,1,1,0,0,,0,0,0,1
SLB,10742,Schlumberger Limited,0,1,1,0,0,1,0,0,1,0,0,1,1,0,1,1,1,0,1,0,0,,1,0,0,1
SKX,10741,"Skechers U.S.A., Inc.",0,0,0,0,0,0,0,0,1,0,1,0,0,0,1,1,1,0,0,0,0,,0,0,0,0
SJM,10740,The J. M. Smucker Company,0,0,0,1,0,1,1,0,1,0,0,1,1,1,1,0,1,0,0,0,0,,0,1,1,0
SIX,10739,Six Flags Entertainment Corporation,0,0,0,0,0,1,0,0,0,0,0,0,1,0,1,1,1,0,0,0,0,,0,0,0,0
SIVB,10738,SVB Financial Group,0,0,0,1,0,0,1,0,0,1,0,1,1,0,1,0,0,0,0,1,0,,1,0,0,0
SIRI,10737,SiriusXM Holdings Inc.,0,0,1,0,0,0,0,0,0,0,0,0,0,0,1,0,1,0,0,0,0,,0,0,0,0
SHW,10736,The Sherwin-Williams Company,0,1,1,1,0,1,0,0,0,1,0,1,1,0,1,0,1,0,0,0,0,,1,1,0,0
SGEN,10735,Seagen Inc,0,0,0,1,0,0,1,0,0,0,0,0,1,0,1,1,1,0,0,0,0,,1,0,0,0
SEIC,10733,SEI Investments Co,0,0,1,0,0,0,0,0,0,0,1,0,0,0,1,1,0,0,1,0,0,,0,0,0,0
SEE,10732,Sealed Air Corp,0,1,0,0,0,0,0,0,1,0,1,1,1,0,1,1,0,0,0,0,0,,1,0,1,1
SEB,10730,Seaboard Corp,0,0,0,0,0,0,0,0,0,0,0,0,1,0,1,0,0,0,0,0,0,,0,0,0,0
SCHW,10728,Charles Schwab Corporation,1,0,1,1,0,1,1,0,0,0,1,0,0,0,1,1,0,0,0,0,0,,0,1,0,1
SCCO,10727,Southern Copper Corporation,0,0,0,0,0,0,0,0,0,0,0,1,0,0,1,1,0,0,1,0,0,,0,0,0,0
SC,10726,Santander Consumer USA Holdings Inc,0,0,0,1,0,0,1,0,0,0,0,0,1,0,1,1,0,0,0,0,1,,1,1,0,1
SBUX,10725,Starbucks Corporation,1,0,1,0,0,1,1,1,1,1,0,0,1,1,1,1,1,0,0,0,,1,1,1,0,1
SBNY,10724,Signature Bank,0,0,0,0,0,0,0,0,0,0,0,0,1,0,1,0,0,0,0,0,0,,0,1,0,0
SBAC,10723,SBA Communications Corp,1,1,1,0,0,0,0,0,0,1,0,1,1,0,1,1,1,0,0,0,0,,0,0,0,0
SAM,10721,"The Boston Beer Company, Inc.",0,0,0,0,0,0,0,0,0,0,0,0,1,0,1,1,0,0,0,0,0,,0,1,0,0
SAGE,10719,Sage Therapeutics Inc,0,0,0,1,0,0,1,0,0,0,0,0,1,0,1,1,1,0,0,0,0,,0,0,0,0
SABR,10718,Sabre Corp,0,0,0,0,0,0,0,0,0,0,0,0,1,0,1,1,0,0,0,0,0,,0,0,0,0
RTX,10717,Raytheon Technologies Corp,0,1,1,1,0,1,1,0,1,1,1,0,1,0,1,1,1,0,0,0,1,,1,1,0,1
RSG,10716,Republic Services Inc,0,1,1,1,0,1,0,1,0,1,1,1,1,0,1,1,0,0,0,0,0,,0,1,0,1
RPM,10714,RPM International Inc,0,1,1,0,0,1,0,0,0,0,0,1,1,0,1,1,1,0,1,0,0,,0,0,0,0
ROST,10712,Ross Stores Inc,0,0,1,0,0,0,1,0,1,1,1,0,1,0,1,0,0,0,0,0,0,,0,0,0,1
ROP,10711,"Roper Technologies, Inc",0,0,0,0,0,1,0,0,1,0,0,0,1,0,1,1,0,0,0,0,0,,0,0,0,0
ROL,10710,Rollins Inc,0,0,1,0,0,0,0,0,0,1,0,0,1,0,1,1,0,0,0,0,0,,0,0,0,0
ROKU,10709,"Roku, Inc",0,0,0,1,0,0,0,0,0,0,0,0,1,0,1,1,1,0,0,0,0,,0,0,0,0
ROK,10708,Rockwell Automation Inc,1,1,1,1,0,1,1,0,1,1,1,1,1,0,1,1,0,0,0,0,0,,0,1,1,1
RNR,10707,RenaissanceRe Holdings Ltd,0,0,0,0,0,1,0,0,0,0,1,0,1,0,1,1,0,1,0,1,0,,0,0,0,0
RNG,10706,RingCentral Inc,0,0,0,1,0,1,1,0,1,0,1,0,1,0,1,1,1,0,0,0,0,,0,0,0,0
RMD,10705,ResMed Inc,0,1,0,0,0,0,1,0,1,1,1,0,1,0,1,1,1,0,0,0,0,,1,0,0,0
RL,10704,Ralph Lauren Corp,1,0,0,1,1,0,1,1,1,1,1,0,0,0,1,1,1,1,0,0,0,,1,1,1,1
RHI,10702,Robert Half International Inc,0,0,1,1,0,1,1,1,1,1,1,1,1,0,1,1,0,0,0,0,0,,0,1,0,0
RGLD,10701,Royal Gold Inc,0,0,0,0,0,1,0,1,1,0,0,1,1,0,1,1,0,0,0,0,0,,0,0,0,0
RGEN,10700,Repligen Corporation,0,0,0,0,0,0,0,0,0,0,0,0,1,0,1,0,1,0,0,0,0,,0,0,0,0
RGA,10699,Reinsurance Group of America Inc,0,0,0,0,0,1,0,1,1,0,1,0,1,0,1,1,1,0,0,1,0,,1,0,0,0
RF,10698,Regions Financial Corporation,0,0,1,1,0,1,1,1,1,1,0,1,1,0,1,1,1,1,1,0,0,,0,1,0,1
REYN,10697,Reynolds Consumer Products Inc.,0,0,1,0,0,1,0,0,1,0,1,0,0,0,1,0,1,0,0,0,0,,0,0,0,0
RE,10694,Everest Re Group Ltd,0,0,0,0,0,1,0,0,0,0,0,0,1,0,1,1,1,0,0,0,0,,1,0,0,0
RCL,10693,Royal Caribbean Group,0,1,1,0,0,1,1,0,1,1,1,0,1,0,1,1,1,0,1,0,0,,0,0,0,1
R,10691,"Ryder System, Inc.",1,1,1,0,0,1,0,0,1,1,0,0,1,0,1,1,1,1,1,0,1,,0,0,0,1
QRVO,10690,Qorvo Inc,0,1,1,1,0,1,0,1,1,1,0,0,1,0,1,1,0,0,1,0,0,,0,0,0,1
QRTEA,10689,"Qurate Retail, Inc.",1,0,0,1,1,1,1,1,1,1,1,0,0,0,0,0,1,0,1,0,0,,1,1,0,1
QDEL,10688,QUIDEL CORP,0,0,0,0,0,1,0,0,0,0,0,0,1,0,1,1,1,0,0,0,0,,0,0,0,0
QCOM,10687,Qualcomm Inc,0,1,1,1,1,1,1,1,1,1,1,1,1,0,1,1,1,0,1,0,1,,1,1,0,1
PYPL,10686,Paypal Holdings Inc,1,1,1,1,0,1,1,1,1,1,1,1,1,0,1,1,1,0,1,1,,1,1,1,0,1
PXD,10685,Pioneer Natural Resources Company,0,1,0,1,0,1,1,1,1,0,1,1,0,0,0,1,0,0,0,0,1,,0,1,0,1
PWR,10684,Quanta Services Inc,0,0,1,0,0,1,0,0,1,0,0,0,1,0,1,1,1,0,0,0,0,,0,0,0,0
PVH,10683,PVH Corp.,1,1,0,1,1,1,1,1,1,1,1,0,1,0,1,0,1,1,1,0,1,,1,1,0,1
PTON,10682,Peloton,0,0,0,0,0,0,0,0,0,0,0,0,1,0,1,0,1,0,0,0,0,,1,1,0,0
PTC,10681,PTC Inc.,0,0,0,1,0,1,0,0,0,0,0,1,1,0,1,0,1,0,0,0,0,,1,1,0,0
PSX,10680,Phillips 66,0,1,1,1,0,1,1,0,0,1,1,1,1,0,1,1,0,0,1,0,0,,0,0,0,0
PSTG,10679,Pure Storage Inc,0,0,0,0,0,1,1,0,1,0,0,1,1,0,1,1,1,0,0,0,0,,0,0,0,0
PSA,10678,Public Storage,0,0,0,0,0,0,1,0,0,0,0,0,0,0,1,0,1,0,0,0,0,,0,0,0,0
PRU,10676,Prudential Financial Inc,1,0,1,1,0,1,1,0,1,1,0,0,1,1,1,1,0,0,0,1,0,,1,0,0,1
PRI,10675,"Primerica, Inc.",0,0,0,1,0,1,0,0,0,1,0,0,0,0,1,1,1,0,0,0,0,,1,1,0,0
PRGO,10674,Perrigo Co PLC,0,1,0,0,1,1,0,0,1,0,1,0,1,0,1,1,1,0,0,0,0,,0,1,0,1
PPL,10672,PPL Corp,0,1,1,1,1,1,0,1,1,1,0,1,1,0,1,1,0,0,1,0,1,,0,1,0,1
PPG,10671,PPG Industries Inc,0,1,1,0,1,1,0,1,1,1,1,1,1,0,1,1,1,0,1,0,1,,0,1,0,1
PPD,10670,PPD,0,0,1,0,0,0,0,0,1,1,1,0,1,0,1,1,1,0,0,0,0,,0,0,0,0
PPC,10669,Pilgrims Pride Corporation,1,1,1,0,0,1,0,0,1,1,0,0,1,0,1,0,1,0,1,0,0,,0,1,0,1
POST,10668,"Post Holdings, Inc.",0,1,0,0,0,1,0,0,0,1,0,1,0,0,1,0,1,0,0,0,0,,0,0,0,0
POOL,10667,Pool Corp,0,1,1,0,0,1,0,0,1,0,1,0,1,0,1,0,1,0,0,0,0,,0,0,0,0
PODD,10666,Insulet Corp,0,0,1,0,0,1,1,0,0,0,0,0,1,0,1,0,0,0,1,0,0,,1,0,0,0
PNW,10665,Pinnacle West Capital Corp,0,1,1,1,0,0,0,0,1,1,0,1,1,0,1,1,0,0,1,0,1,,0,0,0,0
PNR,10664,Pentair Plc,0,1,0,1,0,1,0,0,1,0,0,0,1,1,1,1,1,0,1,0,0,,0,1,1,0
PNFP,10663,Pinnacle Financial Partners Inc,0,0,0,1,0,0,1,0,0,1,0,0,1,0,1,0,1,0,0,0,0,,0,0,0,0
PNC,10662,PNC Financial Services Group Inc,1,0,1,1,0,0,1,1,1,1,0,1,1,0,1,1,1,1,1,0,1,,1,1,0,1
PLNT,10661,"Planet Fitness, Inc.",1,0,0,0,0,0,1,0,0,0,0,0,1,0,1,1,1,0,1,0,0,,0,1,0,0
PLD,10660,ProLogis Inc,0,0,0,1,0,1,1,1,1,0,0,0,1,0,1,1,0,0,1,1,0,,0,0,0,1
PLAN,10659,"Anaplan, Inc.",0,0,0,0,0,1,1,0,1,0,1,0,1,0,1,1,1,0,0,0,0,,1,0,0,0
PKI,10658,PerkinElmer Inc,1,1,0,0,0,1,0,0,1,0,0,0,1,0,1,1,1,0,0,0,0,,0,1,0,0
PKG,10657,Packaging Corporation of America,1,1,1,0,0,1,0,0,1,1,0,1,1,0,1,1,0,1,1,0,1,,0,1,0,1
PK,10656,Park Hotels & Resorts Inc.,0,0,1,1,0,1,0,0,1,1,0,0,1,0,1,1,0,0,0,0,0,,0,0,0,0
PINS,10655,Pinterest,1,0,0,0,0,1,1,0,1,0,0,0,1,0,1,0,1,0,0,0,0,,0,0,0,0
PINC,10654,Premier Inc,0,0,0,0,0,0,0,0,0,1,0,0,1,0,1,0,1,0,0,0,0,,0,1,0,0
PII,10653,Polaris Industries Inc.,0,0,0,0,0,1,0,1,1,0,0,1,1,0,1,0,1,0,1,0,1,,1,1,1,0
PHM,10652,"PulteGroup, Inc.",0,0,0,0,0,1,1,0,1,0,0,0,1,0,1,0,0,0,0,0,0,,0,0,0,0
PH,10651,Parker Hannifin Corp,0,1,1,0,0,1,0,0,1,1,0,0,1,0,1,0,1,0,1,0,0,,0,0,1,0
PGR,10650,The Progressive Corporation,1,0,1,1,0,0,1,0,0,0,0,1,1,1,1,0,1,0,0,1,0,,1,0,0,1
PG,10649,The Procter & Gamble Company,1,1,1,1,0,1,1,1,1,1,1,0,1,1,1,1,1,0,1,0,1,,1,1,1,1
PFG,10647,Principal Financial Group Inc,0,0,0,1,0,1,0,0,0,1,1,1,1,0,1,0,1,0,1,1,1,,1,1,0,0
PFE,10646,Pfizer Inc,0,1,1,0,1,1,1,1,1,1,1,0,1,0,1,1,1,0,0,0,0,,1,0,0,1
PEP,10645,PepsiCo Inc,1,1,1,0,1,1,1,1,1,1,1,1,1,0,1,1,1,0,1,0,1,,1,1,1,1
PEN,10644,Penumbra Inc,0,0,0,0,0,0,0,0,1,0,0,0,1,1,1,1,0,0,0,0,0,,0,0,0,0
PEGA,10643,Pegasystems Inc,0,0,0,1,0,1,0,0,1,0,0,0,1,0,1,0,1,0,1,0,0,,0,0,0,1
PEG,10642,Public Service Enterprise Group Incorporated,1,1,1,1,0,1,1,1,1,1,0,0,1,0,1,1,0,0,1,0,1,,0,1,0,1
PCTY,10639,Paylocity Holding Corporation,1,0,0,0,0,0,1,0,0,0,0,0,1,0,1,1,1,0,0,0,0,,0,0,0,0
PCG,10638,PG&E Corporation,1,1,1,1,0,1,1,0,1,1,0,1,1,1,1,1,1,0,1,0,1,,0,1,0,1
PCAR,10637,PACCAR Inc,0,0,1,0,0,1,0,0,1,0,0,0,1,0,1,1,0,0,0,0,1,,0,0,0,0
PBCT,10636,"Peoples United Financial, Inc.",0,0,0,0,0,0,0,0,0,1,0,0,0,0,1,0,0,0,1,0,0,,0,1,0,0
PAYX,10634,Paychex Inc,0,0,1,0,0,1,1,0,1,0,0,0,1,0,1,0,0,0,0,1,0,,0,1,0,0
PAYC,10633,Paycom Software Inc,0,0,0,1,0,1,0,0,0,0,0,0,1,0,1,1,1,0,0,0,0,,0,0,0,0
PANW,10632,Palo Alto Networks,1,0,1,1,0,1,1,1,1,1,1,1,1,0,1,1,1,0,1,1,,1,1,1,0,1
PAG,10631,"Penske Automotive Group, Inc.",0,1,1,0,0,1,0,0,0,1,0,0,1,0,1,1,1,0,0,0,0,,0,0,0,0
PACW,10630,PacWest Bancorp,1,0,0,1,0,0,0,0,0,1,0,0,1,0,1,1,0,0,0,0,0,,0,1,0,0
OZK,10629,Bank OZK,1,0,0,1,0,0,0,0,0,0,0,0,1,0,1,1,0,0,0,0,0,,0,1,0,0
OTIS,10626,Otis Worldwide Corporation,0,1,0,0,0,0,0,0,1,0,0,1,1,0,1,1,1,0,0,0,0,,1,0,1,1
OSK,10625,Oshkosh Corporation,0,1,1,0,0,1,1,1,1,1,0,0,1,0,1,0,1,0,1,0,0,,0,1,1,1
ORLY,10624,O'Reilly Automotive Inc,0,0,0,0,0,0,0,0,0,0,0,0,0,0,1,0,1,0,0,0,0,,0,0,0,0
ORI,10623,Old Republic International Corp,0,0,1,0,0,0,0,0,0,0,0,0,1,0,1,0,0,0,0,0,0,,0,0,0,0
ORCL,10622,Oracle Corporation,1,1,1,1,0,1,0,0,1,1,0,1,0,0,1,1,1,0,1,0,1,,0,0,0,1
ON,10621,ON Semiconductor Corp,1,1,0,1,1,1,1,1,1,1,1,0,1,0,1,1,1,0,1,0,0,,0,1,0,1
OMF,10620,"OneMain Holdings, Inc.",0,0,1,1,0,0,0,0,0,1,0,0,0,0,1,1,0,0,0,0,0,,0,0,0,0
OMC,10619,Omnicom Group Inc,1,0,0,1,0,1,0,0,0,1,1,0,1,1,1,0,0,0,1,0,1,,0,0,0,1
OLN,10618,Olin Corp,0,1,0,0,1,1,0,0,1,0,1,0,1,0,1,1,1,0,1,0,0,,1,0,0,1
OLLI,10617,"Ollie's Bargain Outlet Holdings, Inc.",0,0,0,0,0,0,0,0,0,0,0,0,1,0,1,1,1,0,0,0,0,,0,0,0,0
OLED,10616,Universal Display Corp,1,1,0,0,1,1,0,0,1,0,0,1,1,0,1,1,0,0,0,0,0,,0,1,0,0
OKTA,10615,Okta Inc,1,0,0,1,0,1,1,0,1,0,0,1,1,0,1,1,1,0,0,1,0,,0,1,0,0
OKE,10614,"ONEOK, Inc.",0,1,1,1,0,1,1,0,1,1,0,0,1,0,1,1,0,0,1,0,1,,1,1,0,0
OGE,10613,OGE Energy Corp,0,0,1,1,0,1,1,0,1,1,1,0,1,0,1,1,0,0,1,0,1,,0,0,0,1
ODFL,10612,Old Dominion Freight Line Inc,0,1,1,0,0,1,0,0,1,0,0,0,1,0,1,1,1,0,0,0,0,,0,1,0,0
OC,10611,Owens Corning,1,1,1,1,1,1,1,1,1,1,1,1,1,0,1,1,1,0,1,0,1,,1,1,0,1
NYT,10610,The New York Times Company,1,0,0,1,0,0,0,0,0,0,0,1,1,0,1,1,1,0,0,0,0,,1,0,0,0
NXST,10608,Nexstar Media Group,0,0,0,0,0,0,0,0,0,0,0,0,1,0,1,1,1,0,0,0,0,,0,1,0,0
NWS,10607,News Corporation,0,0,0,1,0,0,1,0,0,0,1,0,1,0,1,0,0,0,0,0,0,,0,0,0,1
NWL,10606,Newell Brands Inc,1,1,0,0,0,1,1,0,1,1,1,1,1,0,0,1,1,0,0,0,0,,0,1,0,1
NVT,10605,nVent Electric Plc,0,1,0,0,0,1,0,0,1,0,1,0,1,1,1,1,1,0,0,0,0,,0,0,1,0
NVR,10604,NVR Inc,0,0,0,0,0,0,0,0,0,0,0,0,0,0,1,0,0,0,0,0,0,,0,0,0,0
NVDA,10603,NVIDIA Corp,1,1,1,1,1,1,1,1,1,1,1,1,1,0,1,1,1,0,1,0,1,,1,1,0,1
NUE,10600,Nucor Corporation,0,1,1,0,0,1,0,1,1,0,1,1,1,0,1,1,0,0,0,0,0,,0,1,1,0
NUAN,10599,Nuance Communications Inc,1,0,0,1,0,0,0,0,1,0,0,0,1,0,1,0,1,0,0,0,1,,1,0,0,0
NTRS,10598,Northern Trust Corp,1,0,0,0,0,1,0,0,1,1,0,1,0,0,1,1,0,0,0,0,0,,0,0,0,1
NTNX,10597,Nutanix Inc,0,0,1,0,0,0,1,0,1,0,0,0,1,0,1,1,1,0,0,0,0,,0,1,0,0
NTAP,10596,NetApp Inc,1,0,0,0,0,1,1,0,1,1,1,0,1,0,1,1,1,0,0,0,0,,0,0,1,0
NSC,10595,Norfolk Southern Corp,1,0,1,1,0,0,0,0,0,1,0,0,1,0,1,1,0,0,0,0,1,,0,0,0,0
NRG,10594,"NRG Energy, Inc.",1,1,1,0,0,0,0,0,1,1,0,0,1,0,1,0,1,0,1,0,1,,1,0,1,1
NOW,10593,"ServiceNow, Inc.",1,1,0,1,0,1,0,0,1,1,0,0,1,0,1,1,1,0,1,0,1,,1,1,0,1
NOV,10592,National Oilwell Varco LP,0,1,0,0,0,1,0,0,1,0,0,0,1,0,1,1,1,0,1,0,0,,0,1,0,0
NOC,10591,Northrop Grumman Corporation,1,1,1,1,0,1,1,1,1,1,1,1,1,0,1,1,0,0,1,0,1,,1,1,0,0
NLSN,10590,Nielsen Holdings PLC,1,1,1,1,1,1,1,1,1,1,1,1,1,1,1,1,1,0,1,0,0,,1,1,0,0
NLOK,10589,NortonLifeLock Inc,1,0,0,1,0,1,1,1,1,0,1,0,1,0,1,0,1,0,0,0,1,,1,1,0,1
NKTR,10588,Nektar Therapeutics,0,0,0,1,0,0,0,0,0,0,0,0,1,0,1,1,0,0,0,0,0,,0,0,0,0
NKE,10587,"NIKE, Inc.",1,1,1,0,1,1,0,1,1,1,1,1,1,0,1,0,1,1,0,0,1,,1,1,0,1
NI,10586,NiSource Inc,0,1,0,1,0,1,1,1,0,1,1,0,1,0,1,1,0,0,0,0,0,,0,1,0,1
NFLX,10585,Netflix Inc,1,0,0,1,0,0,1,0,0,0,0,0,1,0,1,0,1,0,0,1,,1,0,1,0,1
NFG,10584,National Fuel Gas Co,0,0,0,0,0,1,1,0,1,1,1,0,1,0,1,1,0,0,1,0,0,,0,1,0,1
NEWR,10583,"New Relic, Inc.",1,0,0,1,0,0,1,0,0,0,1,0,1,0,1,1,1,0,0,0,0,,0,0,0,0
NEU,10582,NewMarket Corp,0,0,0,0,0,1,0,0,0,1,0,0,1,0,1,1,0,0,0,0,0,,0,0,0,0
NET,10581,Cloudflare,0,0,0,1,0,1,0,0,0,0,0,0,1,0,1,1,1,0,0,0,0,,0,0,0,0
NEM,10580,Newmont Mining Corp,0,1,0,0,1,1,0,1,1,1,1,0,1,1,1,1,0,0,1,0,1,,1,1,0,1
NEE,10579,NextEra Energy Resources LLC,1,1,1,1,0,0,0,0,0,1,1,0,1,0,1,1,0,0,1,0,0,,0,0,1,1
NDSN,10578,Nordson Corp,0,1,1,0,0,1,0,0,1,0,1,1,1,0,1,1,0,0,0,0,0,,0,1,0,0
NDAQ,10577,"Nasdaq, Inc.",1,0,0,1,0,1,1,0,1,0,0,0,1,0,1,1,1,0,0,1,,1,1,0,0,1
NCR,10576,NCR Corp,0,0,0,0,0,1,1,0,1,0,1,1,1,0,1,1,1,0,0,0,0,,0,0,0,0
NCLH,10575,Norwegian Cruise Line Holdings Ltd.,0,1,0,0,0,1,0,0,0,1,0,0,1,1,1,1,1,0,1,0,0,,0,0,0,0
MU,10568,Micron Technology Inc,1,1,0,1,1,1,0,1,1,1,1,1,1,0,1,1,1,0,1,0,0,,1,1,0,1
MTN,10567,Vail Resorts Inc,0,0,1,1,0,0,1,0,1,0,0,0,1,0,1,1,0,0,0,0,1,,0,0,0,1
MTG,10566,MGIC Investment Corporation,0,0,0,1,0,0,0,0,0,0,0,0,1,0,1,1,1,0,0,0,0,,1,1,0,0
MTD,10565,Mettler-Toledo International Inc,0,1,1,0,0,1,0,1,1,1,1,0,1,0,1,0,0,0,1,0,1,,0,0,0,1
MTCH,10564,Match Group Inc,0,0,0,1,0,0,0,0,0,0,0,0,1,0,1,1,1,0,0,0,0,,1,0,0,0
MTB,10563,M&T Bank Corp,0,0,1,1,0,0,1,0,0,1,0,0,1,0,1,0,1,0,0,0,0,,0,0,0,0
MSM,10562,"MSC Industrial Direct Co., Inc.",0,1,1,1,0,0,1,0,1,1,1,0,1,0,1,1,1,0,0,0,0,,0,1,0,0
MSI,10561,"Motorola Solutions, Inc.",0,1,0,1,0,1,0,0,1,1,0,1,1,0,1,1,0,0,1,0,1,,0,0,0,1
MSFT,10558,Microsoft Corporation,1,1,1,1,1,1,1,1,1,1,1,1,1,1,1,0,1,1,1,1,,1,1,0,1,1
MSCI,10557,MSCI Inc,1,0,0,0,0,1,1,1,1,0,0,1,1,0,1,1,1,0,1,1,0,,1,0,0,1
MSA,10556,MSA Safety Inc,0,1,0,0,0,1,1,1,0,1,0,1,1,0,1,1,0,0,0,0,0,,0,0,0,1
MS,10555,Morgan Stanley,1,0,1,1,1,1,1,0,1,1,1,0,1,0,1,0,1,1,1,0,1,,1,1,0,1
MRVL,10554,Marvell Technology Group Ltd,0,0,1,0,0,1,1,0,1,0,1,1,1,0,1,1,1,0,0,0,1,,0,1,0,0
MRO,10553,Marathon Oil Corp,0,1,1,0,0,1,1,0,1,1,0,0,1,0,1,1,0,0,1,0,0,,0,0,0,1
MRNA,10552,"Moderna, Inc.",0,0,0,1,0,1,1,0,0,0,0,0,0,0,1,1,1,0,0,0,0,,0,0,0,0
MRK,10551,"Merck & Co., Inc.",1,1,1,1,1,1,1,1,1,1,1,0,1,1,1,1,1,1,1,0,1,,1,1,0,1
MRCY,10550,"Mercury Systems, Inc.",1,0,0,0,0,1,1,0,1,1,0,0,1,0,1,0,0,0,0,0,0,,1,0,0,0
MPWR,10549,Monolithic Power Systems Inc,0,1,0,0,0,1,0,0,1,0,0,0,1,0,1,1,0,0,0,0,0,,1,0,0,0
MPC,10548,Marathon Petroleum Corp,1,1,1,1,0,1,0,1,1,1,1,1,1,0,1,1,1,0,1,0,1,,0,1,0,1
MORN,10546,Morningstar Inc,1,0,0,1,0,0,1,0,1,0,0,0,1,1,1,0,1,0,0,0,0,,1,0,0,0
MOH,10545,Molina Healthcare Inc,0,0,0,1,0,0,0,0,0,1,0,0,1,0,1,1,1,0,0,0,0,,0,1,0,0
MNST,10543,Monster Beverage Corporation,0,0,0,0,0,1,0,0,1,0,1,0,0,0,1,1,0,0,0,0,0,,0,0,0,0
MMM,10542,3M Company,1,1,1,1,1,1,1,1,1,1,1,1,1,0,1,1,1,0,1,0,1,,1,0,0,1
MMC,10541,"Marsh & McLennan Companies, Inc.",1,0,1,0,0,1,1,0,1,1,0,0,1,0,1,1,1,0,1,0,0,,1,0,0,1
MLM,10540,Martin Marietta Materials Inc,0,0,1,0,0,1,0,0,1,0,0,1,1,0,1,1,0,0,0,0,0,,1,1,0,1
MKTX,10539,MarketAxess Holdings Inc,0,0,0,0,0,1,1,0,0,0,0,0,1,0,1,1,0,0,0,0,0,,0,0,0,0
MKSI,10538,MKS Instruments Inc,0,1,0,1,0,1,0,0,1,0,0,0,1,1,1,1,1,0,0,0,0,,0,0,0,0
MKL,10537,Markel Corp,0,0,1,1,0,0,0,0,0,0,0,1,1,0,1,0,1,0,0,0,0,,0,1,0,0
MKC,10536,McCormick & Co Inc,0,0,1,1,0,1,1,1,1,1,0,1,1,1,1,1,1,1,1,0,1,,1,0,0,1
MIDD,10535,Middleby Corp,0,0,1,0,0,0,0,0,0,0,0,0,1,0,1,0,1,0,0,0,0,,0,0,0,0
MHK,10533,Mohawk Industries Inc,0,0,1,0,0,0,0,0,1,1,0,1,1,0,1,1,1,0,0,0,0,,0,0,0,0
MGM,10532,MGM Resorts International,0,0,1,0,0,1,0,1,0,1,1,0,1,0,1,0,0,0,0,0,0,,0,0,0,1
MET,10531,MetLife Inc,1,0,1,1,0,1,1,1,0,1,0,0,1,0,1,0,1,1,1,1,1,,1,1,0,1
MDU,10530,MDU Resources Group Inc,1,0,1,1,0,1,1,1,0,1,0,0,1,0,1,1,0,0,0,0,0,,1,0,0,0
MDT,10529,Medtronic PLC,1,1,0,1,0,1,0,0,1,1,1,0,0,0,1,1,0,0,0,0,0,,1,1,0,1
MDLZ,10528,"Mondelez International, Inc.",0,1,0,1,1,1,1,1,1,1,1,1,1,0,1,1,0,1,0,0,1,,1,0,0,1
MDB,10527,"MongoDB, Inc.",0,0,0,1,0,0,1,0,0,0,0,1,1,0,1,1,1,0,0,0,0,,0,0,0,0
MCY,10526,Mercury General Corp,1,0,0,0,0,0,0,0,0,1,0,0,1,0,1,0,1,0,0,1,0,,0,0,0,0
MCO,10525,Moody's Corp,0,0,0,1,0,1,1,1,1,1,0,1,1,0,1,1,1,1,1,1,,1,1,1,1,1
MCK,10524,McKesson Corp,0,0,1,1,0,0,0,0,0,1,0,0,1,0,1,1,1,0,1,1,0,,1,1,0,0
MCD,10522,McDonald's Corp,1,0,1,0,1,1,0,1,1,1,1,0,1,0,1,1,1,0,1,0,1,,1,1,0,1
MAT,10521,Mattel Inc,1,1,0,1,0,1,1,0,1,0,1,0,1,1,0,0,0,0,1,0,0,,1,1,1,1
MASI,10520,Masimo Corp,0,0,0,1,0,1,0,0,1,0,1,0,0,0,1,0,1,0,0,0,0,,0,0,0,0
MAS,10519,Masco Corp,1,1,1,0,0,0,0,0,0,0,1,0,1,0,1,1,0,0,0,0,0,,0,0,0,0
MAR,10518,Marriott International Inc,1,0,1,1,0,1,1,1,1,1,1,0,1,0,0,1,1,0,1,0,0,,1,1,0,1
MANH,10517,Manhattan Associates Inc,0,0,0,0,0,1,0,0,0,0,1,0,1,0,1,1,1,0,0,0,0,,0,0,0,0
MAN,10516,ManpowerGroup Inc,0,1,1,0,0,0,1,1,1,1,0,0,1,0,1,1,1,0,0,1,1,,1,1,0,0
MA,10514,MasterCard Inc,1,0,1,1,0,1,1,1,1,1,0,1,1,1,1,1,1,1,1,1,,1,1,1,1,1
LYV,10513,"Live Nation Entertainment, Inc.",0,0,0,1,0,0,1,0,0,0,0,0,0,0,1,1,0,0,0,0,0,,1,1,0,1
LYFT,10512,"Lyft, Inc.",1,0,1,1,0,0,1,0,1,1,0,0,1,0,1,1,1,1,0,1,1,,1,1,0,1
LYB,10511,LyondellBasell Industries N.V.,1,1,0,1,0,1,0,0,1,1,1,0,1,0,1,1,1,0,1,0,0,,0,0,0,1
LW,10510,Lamb Weston Holdings Inc,0,1,0,0,0,1,0,0,1,0,0,0,1,0,0,1,0,0,0,0,1,,0,0,1,0
LVS,10509,Las Vegas Sands Corp,1,1,0,0,0,1,1,0,1,1,0,0,1,0,1,1,0,0,1,0,1,,0,1,0,1
LUV,10507,Southwest Airlines Co.,1,1,1,1,0,1,0,0,0,1,1,0,1,0,1,1,1,0,1,0,0,,1,1,0,0
LUMN,10506,Lumen Technologies,1,1,1,1,0,1,1,0,1,1,1,1,1,0,1,0,1,1,0,0,1,,1,1,0,1
LULU,10505,Lululemon Athletica Inc,0,0,0,1,0,1,0,0,1,0,1,1,1,0,1,1,1,0,0,0,0,,1,0,0,1
LSTR,10504,Landstar System Inc,1,0,0,0,0,0,0,0,0,0,0,0,1,0,1,0,0,0,0,0,0,,0,0,0,0
LSI,10503,"Life Storage, Inc.",1,0,0,0,0,0,0,0,0,0,0,0,0,0,1,1,1,0,0,0,0,,0,0,0,1
LRCX,10502,Lam Research Corp,0,1,1,0,0,1,1,0,1,0,1,1,1,0,1,0,0,0,1,0,1,,0,1,0,1
LPLA,10501,LPL Financial Holdings Inc.,1,0,0,1,0,1,0,1,1,1,1,1,1,0,1,0,1,0,1,1,1,,0,1,0,0
LOW,10500,"Lowes Companies, Inc.",1,1,1,1,1,1,0,0,1,1,0,0,1,1,1,1,1,0,1,0,0,,0,0,0,1
LOPE,10499,Grand Canyon Education Inc,0,0,0,0,0,1,0,0,1,0,0,1,1,1,1,1,0,0,0,0,0,,0,0,0,0
LNT,10498,Alliant Energy Corp,0,1,1,0,0,1,1,0,0,1,0,0,1,0,1,1,1,0,1,0,1,,0,1,0,1
LNG,10497,Cheniere Energy Inc,1,1,1,0,0,1,0,0,1,1,0,1,1,0,1,1,0,0,1,0,0,,0,1,0,0
LNC,10496,Lincoln National Corp,0,0,1,0,0,1,0,0,1,1,0,1,1,0,1,1,1,0,0,1,0,,1,1,0,0
LMT,10495,Lockheed Martin Corp,0,1,1,1,0,1,1,1,1,1,1,1,1,0,1,1,1,0,1,0,1,,1,1,0,1
LLY,10494,Eli Lilly And Company,1,1,1,1,0,1,1,1,1,1,0,1,1,0,1,1,1,0,1,0,1,,1,1,1,1
LKQ,10493,LKQ Corp,1,0,1,0,0,1,0,0,1,0,0,0,1,0,1,1,1,0,0,0,0,,0,0,1,0
LITE,10492,Lumentum Holdings Inc.,0,1,0,0,0,1,1,0,1,0,0,0,1,0,1,1,1,0,0,0,0,,0,0,0,1
LHX,10489,L3 Harris Technologies,0,1,1,1,0,1,1,0,1,1,0,1,1,0,1,1,0,0,1,0,0,,0,0,0,1
LFUS,10486,Littelfuse Inc,0,1,0,1,0,1,0,0,1,1,0,0,1,0,1,0,1,0,0,0,0,,0,0,0,0
LEN,10485,Lennar Corporation,0,0,0,1,0,0,0,0,0,0,0,0,1,0,1,1,0,0,0,0,0,,0,0,0,0
LEG,10484,Leggett & Platt Inc,0,1,0,0,0,1,1,1,1,1,1,0,1,0,1,0,0,0,0,0,0,,0,0,0,0
LECO,10483,Lincoln Electric Holdings Inc,0,1,1,0,0,1,0,0,1,1,1,0,1,0,1,1,1,0,1,0,0,,0,0,1,1
LEA,10482,Lear Corporation,1,1,0,0,0,1,0,1,1,1,1,1,1,0,1,1,1,1,1,0,0,,1,1,0,1
LDOS,10481,"Leidos Holdings, Inc.",0,1,1,1,0,1,1,0,0,1,0,0,1,0,1,1,1,0,0,0,1,,1,0,0,0
LAZ,10479,Lazard Ltd,0,0,0,1,0,0,0,1,0,0,0,1,1,0,1,1,0,0,0,1,0,,1,0,0,1
LAMR,10478,Lamar Advertising Company,0,0,0,0,0,0,0,0,0,0,0,0,0,0,1,0,1,0,0,0,0,,0,0,0,0
L,10477,Loews Corp,0,1,0,0,0,0,0,0,0,0,0,0,0,0,1,0,0,0,0,1,0,,1,0,0,0
KSU,10476,Kansas City Southern,1,1,0,0,0,0,0,0,0,1,0,0,1,0,1,1,1,0,1,0,0,,0,1,0,1
KSS,10475,Kohl's Corp,0,0,1,1,1,1,1,1,1,1,1,1,1,0,1,1,1,0,0,0,1,,1,1,1,1
KR,10474,The Kroger Co.,1,1,1,0,1,1,0,1,1,1,0,1,1,0,1,1,1,0,1,0,0,,0,1,1,1
KO,10473,The Coca-Cola Company,1,1,1,0,1,1,0,1,1,1,1,0,0,1,1,1,0,0,1,0,0,,1,1,0,1
KNX,10472,Knight-Swift Transportation Holdings Inc,1,0,1,0,0,1,0,0,0,0,0,0,1,0,1,1,0,0,0,0,0,,0,0,0,1
KMX,10471,CarMax Inc,0,0,1,1,0,0,1,0,0,1,0,1,1,0,1,1,1,0,0,0,0,,0,0,0,1
KMPR,10470,Kemper Corporation,0,0,1,0,0,1,0,1,0,1,0,0,0,0,1,1,0,0,0,0,0,,1,0,0,0
KMI,10469,"Kinder Morgan, Inc.",0,1,1,0,0,1,0,1,1,1,1,1,1,0,1,1,0,0,1,0,0,,0,1,0,1
KMB,10468,Kimberly-Clark Corp,0,1,0,1,1,1,1,1,1,1,1,0,1,0,1,1,1,0,1,0,1,,1,1,0,1
KLAC,10467,KLA-Tencor Corp,1,0,0,0,1,1,1,0,1,1,1,0,1,0,1,0,1,0,1,1,0,,0,0,0,0
KIM,10465,Kimco Realty Corporation,0,0,0,1,0,1,0,0,0,1,0,1,1,0,1,0,0,0,1,0,0,,0,0,0,1
KHC,10464,The Kraft Heinz Company,0,1,0,1,0,1,0,1,1,1,0,1,1,0,0,1,0,0,1,0,0,,0,1,0,1
KEYS,10463,Keysight Technologies Inc,1,1,1,1,1,1,1,0,1,1,1,1,1,0,1,0,1,0,1,0,1,,1,1,1,1
KEY,10462,KeyCorp,1,0,1,1,0,0,1,0,1,1,0,0,1,0,1,0,1,0,0,0,0,,1,1,0,1
KEX,10461,Kirby Corp,0,0,1,0,0,1,0,0,1,0,0,0,1,0,0,0,0,0,0,0,0,,0,0,0,1
KDP,10460,Keurig Dr Pepper Inc.,1,0,0,0,1,1,0,1,1,1,1,0,1,0,1,1,1,1,1,0,1,,0,1,1,1
K,10459,Kellogg Company,0,1,1,0,1,1,0,1,1,1,1,0,1,0,1,1,0,0,0,0,0,,1,0,1,1
JWN,10458,Nordstrom Inc,1,0,1,0,1,1,0,1,1,1,1,0,1,1,1,1,0,0,0,0,1,,1,1,0,1
JPM,10456,JPMorgan Chase & Co,1,0,1,1,0,1,1,0,1,1,0,1,1,0,1,1,1,1,1,1,,1,1,1,0,1
JNPR,10455,Juniper Networks Inc,1,1,0,1,0,1,1,0,1,1,1,1,1,0,1,0,1,1,1,0,0,,1,0,0,1
JNJ,10454,Johnson & Johnson,1,1,1,1,1,1,1,1,1,1,1,0,1,0,1,1,1,0,1,0,1,,1,1,1,1
JLL,10453,Jones Lang LaSalle Inc,0,1,1,1,0,1,1,1,1,1,1,0,1,1,1,1,1,0,1,0,0,,1,0,0,1
JKHY,10452,Jack Henry & Associates Inc,0,0,1,1,0,1,1,1,1,0,1,1,1,0,1,1,0,0,0,0,0,,0,0,0,0
JEF,10451,Jefferies Financial Group Inc.,0,0,1,1,0,1,1,1,0,0,1,0,1,0,1,1,0,0,0,1,1,,0,1,0,1
JCI,10450,Johnson Controls International PLC,0,1,1,0,0,1,0,1,1,1,0,1,1,0,1,1,1,1,0,0,1,,0,1,0,1
JBLU,10449,JetBlue Airways Corp,0,1,1,0,0,1,1,0,1,0,0,0,1,0,1,1,1,0,0,0,0,,1,0,0,1
JBL,10448,Jabil Inc.,0,1,1,0,0,1,0,1,1,1,1,1,1,0,1,1,1,0,0,0,0,,0,0,0,1
JBHT,10447,JB Hunt Transport Services Inc,0,1,1,0,0,0,0,0,1,0,0,0,1,0,1,0,1,0,0,0,0,,0,0,0,1
JBGS,10446,JBG SMITH Properties,1,0,0,0,0,0,0,0,0,0,0,0,1,0,1,0,0,1,1,0,0,,0,0,0,0
J,10444,Jacobs Engineering Group Inc,0,1,1,0,0,1,1,0,1,1,1,0,1,0,1,1,1,0,0,0,1,,1,0,0,1
IVZ,10443,Invesco Ltd.,0,1,0,1,0,0,1,0,0,0,0,1,1,0,1,0,1,0,0,1,0,,1,1,0,1
ITW,10442,Illinois Tool Works Inc,0,1,0,1,0,1,0,1,1,1,0,1,1,0,1,0,1,0,1,0,0,,0,1,0,1
ITT,10441,ITT Inc,0,1,0,0,0,1,0,1,1,1,0,0,1,0,1,0,1,0,0,0,0,,0,0,0,0
IT,10440,Gartner Inc,1,0,1,1,0,1,1,0,1,1,0,1,1,0,1,1,0,0,0,1,0,,0,0,0,0
ISRG,10439,Intuitive Surgical Inc,0,0,0,1,0,0,1,0,0,0,0,1,1,0,1,0,1,0,0,0,0,,1,0,0,0
IRM,10438,Iron Mountain Inc,1,0,0,1,0,1,0,0,1,1,0,0,1,0,1,1,1,0,1,0,1,,1,0,0,1
IR,10437,Ingersoll Rand,0,1,1,0,0,1,0,0,1,0,1,0,1,0,1,1,1,0,1,0,0,,1,1,0,1
IQV,10436,IQVIA Holdings Inc.,0,1,0,0,0,1,0,0,1,0,0,0,1,0,1,1,1,0,0,0,0,,0,1,0,0
IPGP,10434,IPG Photonics Corp,0,1,0,1,0,1,0,0,1,0,0,1,1,0,1,0,1,0,0,0,0,,0,1,0,0
IPG,10433,"The Interpublic Group of Companies, Inc.",0,0,0,1,0,1,1,1,1,1,0,0,1,0,1,1,1,0,1,0,0,,1,0,0,1
IP,10432,International Paper Co,0,1,0,0,0,1,0,0,0,1,0,1,1,0,1,1,1,0,1,0,,1,1,1,0,1
INVH,10429,Invitation Homes LP,0,0,1,1,0,1,0,0,1,0,0,0,1,0,1,0,0,0,0,0,0,,0,0,0,0
INTU,10428,Intuit Inc,1,0,1,1,0,0,1,0,1,1,0,1,1,1,1,1,0,0,0,1,,1,1,1,1,1
INTC,10427,Intel Corp,1,1,1,1,1,1,1,1,1,1,1,1,1,1,1,1,1,1,1,0,,1,1,1,1,1
INGR,10426,Ingredion Incorporated,0,1,1,1,0,1,0,0,1,1,0,0,1,0,0,0,1,0,0,0,0,,1,0,0,1
INFO,10425,IHS Markit Ltd,0,0,1,0,0,1,1,1,1,1,0,0,1,0,1,1,1,0,1,0,0,,0,1,0,1
INCY,10424,Incyte Corporation,0,1,0,1,0,0,0,0,0,0,0,0,1,0,1,1,1,0,0,0,0,,1,0,0,0
ILMN,10422,Illumina Inc,1,1,0,1,0,1,1,1,1,1,0,1,1,0,1,1,1,1,1,0,0,,1,1,0,1
IFF,10421,"International Flavors & Fragrances, Inc.",1,1,0,0,0,1,1,0,1,0,1,0,1,0,1,0,0,0,1,0,1,,1,0,0,1
IEX,10420,IDEX Corporation,0,1,1,1,0,1,1,0,1,1,1,1,1,0,1,1,0,0,1,0,0,,1,1,0,0
IDXX,10419,IDEXX Laboratories Inc,1,1,0,1,0,0,0,1,1,1,0,0,0,0,1,1,1,0,1,0,0,,1,0,0,0
IDA,10418,"IDACORP, Inc.",0,0,1,0,0,0,0,0,0,1,0,0,1,0,1,1,0,0,1,0,1,,0,0,0,0
ICUI,10417,ICU Medical Inc,0,0,0,0,0,0,0,0,1,0,1,0,1,0,1,1,1,0,0,0,0,,0,0,0,0
ICE,10416,Intercontinental Exchange,1,1,1,0,0,1,0,0,0,0,0,1,1,0,1,1,1,0,1,0,0,,1,1,0,0
IBM,10415,International Business Machines Corporation,1,1,1,1,1,1,1,1,1,1,1,1,1,0,1,1,1,1,1,0,1,,0,0,1,1
IBKR,10414,Interactive Brokers Group Inc,0,0,0,0,0,0,0,0,0,0,0,0,1,0,1,1,1,0,0,0,0,,0,0,0,0
IART,10413,Integra LifeSciences Holdings,0,1,0,0,0,1,0,0,1,0,0,0,1,0,1,1,1,0,0,0,0,,0,0,0,0
IAC,10412,IAC/InterActiveCorp,1,0,0,0,0,0,1,0,0,0,0,1,1,0,1,0,1,0,0,1,0,,1,0,0,0
HZNP,10411,Horizon Therapeutics plc,0,0,0,1,0,0,1,0,0,0,0,1,1,0,1,1,1,0,1,0,0,,1,0,0,0
HXL,10410,Hexcel Corp,0,1,1,0,0,1,0,0,1,0,0,1,1,0,1,1,0,0,0,0,0,,0,0,0,0
HWM,10409,Howmet Aerospace,0,1,1,0,1,1,0,0,1,0,0,1,1,0,1,1,0,0,0,0,0,,0,1,0,0
HUN,10408,Huntsman Corp,0,1,0,0,0,1,0,1,1,0,1,0,1,0,1,1,1,0,1,0,1,,0,0,0,1
HUM,10407,Humana Inc,1,1,1,1,0,0,1,0,0,1,0,1,1,0,1,0,1,0,1,1,0,,0,1,0,0
HUBS,10406,"HubSpot, Inc.",1,0,0,1,0,1,1,1,0,0,0,0,1,0,1,0,1,0,0,0,0,,0,0,0,0
HUBB,10405,Hubbell Inc,0,1,1,0,0,1,0,0,1,0,0,0,1,0,1,1,0,0,0,0,0,,1,0,0,1
HSY,10404,The Hershey Company,1,1,1,1,1,1,1,1,1,1,1,1,1,0,1,1,0,1,0,0,1,,1,1,1,1
HSIC,10403,Henry Schein Inc,1,0,0,1,0,1,1,0,1,1,0,1,1,0,1,1,0,0,0,1,0,,1,0,1,1
HRL,10402,Hormel Foods Corporation,1,1,1,0,1,1,0,1,1,1,1,1,1,1,1,1,0,0,1,0,0,,1,1,0,1
HRC,10401,"Hill-Rom Holdings, Inc.",0,0,1,1,0,1,0,0,1,1,0,0,1,0,1,0,1,0,0,0,0,,1,1,1,1
HRB,10400,H&R Block Inc,0,0,0,0,0,1,1,0,0,1,0,0,1,0,1,1,1,0,0,0,0,,1,1,0,0
HPQ,10399,HP Inc.,1,1,1,0,1,1,1,1,1,1,1,1,1,1,1,1,1,1,1,1,1,,1,0,0,1
HPE,10398,Hewlett Packard Enterprise Company,1,1,1,1,1,1,1,1,1,1,1,1,1,0,1,0,1,0,1,0,1,,1,1,1,1
HON,10396,Honeywell International Inc,0,1,1,1,0,1,1,1,1,1,1,1,1,0,1,1,1,0,0,0,1,,0,0,0,1
HOLX,10395,Hologic Inc,1,1,1,1,0,1,0,0,0,1,1,0,1,0,1,1,1,0,0,0,0,,1,0,0,0
HOG,10394,Harley-Davidson Inc,1,1,1,0,0,1,0,0,1,1,1,1,1,0,1,0,1,0,0,0,0,,0,1,1,1
HLT,10393,Hilton Worldwide Holdings Inc,1,1,1,1,1,1,1,1,1,1,1,1,1,0,1,1,1,1,1,0,0,,1,1,0,1
HLF,10392,Herbalife Ltd,0,1,1,0,0,1,0,1,1,0,0,1,0,0,1,1,1,0,0,0,0,,0,1,0,1
HII,10391,Huntington Ingalls Industries Inc,0,1,1,0,0,1,0,0,1,1,0,0,1,0,1,0,0,0,1,0,1,,0,0,0,0
HIG,10390,"The Hartford Financial Services Group, Inc.",1,1,1,1,0,1,1,1,1,1,0,1,1,0,1,1,1,1,1,1,1,,1,1,0,1
HHC,10389,The Howard Hughes Corporation,0,1,0,0,0,0,0,0,0,1,0,1,1,0,1,1,0,0,1,0,0,,0,1,0,1
HFC,10388,HollyFrontier Corporation,0,1,0,0,0,1,0,0,1,0,1,0,1,0,1,0,1,0,1,0,0,,0,1,0,0
HES,10387,Hess Corporation,0,1,1,0,0,1,0,1,1,1,1,1,1,0,1,1,0,0,1,0,1,,0,0,0,1
HEI,10386,HEICO Corporation,0,0,1,0,0,0,0,0,0,0,0,0,1,0,1,0,1,0,0,0,0,,0,0,0,0
HE,10385,Hawaiian Electric Industries Inc,1,1,0,1,0,1,0,0,1,1,0,1,1,1,1,1,0,0,1,0,0,,0,0,0,1
HD,10383,The Home Depot Inc.,1,1,1,1,0,1,1,1,1,1,1,0,1,0,1,0,1,0,1,0,1,,0,1,0,1
HCA,10382,"HCA Healthcare, Inc.",0,0,1,1,0,0,0,0,0,1,0,0,1,0,1,1,1,0,0,1,0,,0,0,0,0
HBI,10381,Hanesbrands Inc,1,0,0,0,1,1,1,0,1,0,1,1,1,0,0,1,1,1,0,0,1,,0,0,1,1
HAS,10379,Hasbro Inc,1,1,0,1,1,1,0,1,1,1,1,1,1,1,1,1,1,0,1,1,,1,1,0,0,1
HAL,10378,Halliburton Company,0,1,1,0,0,1,0,0,0,1,1,1,1,0,1,0,1,0,1,0,0,,0,1,0,0
HAIN,10377,"The Hain Celestral Group, Inc.",1,1,0,1,0,1,0,1,1,1,0,1,1,0,1,1,1,0,1,0,1,,0,0,0,0
H,10375,Hyatt Hotels Corporation,0,1,0,1,0,1,1,1,1,1,1,0,0,0,1,1,1,0,0,0,1,,0,0,0,0
GWW,10374,WW Grainger Inc,0,1,1,1,0,1,0,0,1,1,0,1,1,0,1,1,0,0,0,0,1,,1,0,1,0
GWRE,10373,Guidewire Software Inc,0,0,0,1,0,1,1,0,0,0,0,0,1,0,0,0,1,0,0,0,0,,0,0,0,0
GTES,10372,Gates Industrial Corp PLC,0,1,1,0,0,1,0,1,1,0,0,0,1,0,1,1,1,0,0,0,0,,0,1,0,1
GS,10371,Goldman Sachs Group Inc,1,1,1,1,0,1,1,1,1,1,1,1,1,1,0,1,1,0,1,1,,1,1,1,1,1
GRMN,10369,Garmin Ltd,1,1,1,1,0,1,0,1,1,0,0,1,1,0,1,1,1,0,1,0,0,,0,0,0,0
GPS,10367,"The Gap, Inc.",1,1,0,1,1,1,1,1,1,1,1,0,1,1,1,1,0,1,0,0,0,,1,0,0,1
GPN,10366,Global Payments Inc,0,0,0,0,0,0,0,0,1,1,1,1,1,0,1,1,0,0,0,0,0,,0,1,1,0
GPK,10365,Graphic Packaging Holding Co,1,0,1,0,0,1,0,1,1,1,1,0,1,0,1,0,1,0,1,0,1,,0,0,0,1
GPC,10364,Genuine Parts Co,0,0,1,0,0,1,0,1,1,0,1,0,1,0,1,0,0,0,0,0,0,,0,0,0,0
GOOG,10363,Alphabet Inc,1,0,1,1,1,1,1,1,1,1,1,1,1,0,1,1,1,0,1,0,,1,1,1,1,1
GNTX,10362,Gentex Corp,0,0,0,0,0,1,0,0,0,1,0,0,1,0,1,1,0,0,0,0,0,,0,0,0,0
GNRC,10361,Generac Holdings Inc.,0,0,1,0,0,1,0,0,0,0,0,0,1,0,1,1,0,0,0,0,0,,0,0,0,0
GMED,10360,"Globus Medical, Inc.",0,0,0,0,0,0,0,0,0,0,0,0,1,0,1,1,1,0,0,0,0,,0,0,0,0
GM,10359,General Motors Company,1,1,1,1,1,1,1,1,1,1,1,1,0,1,1,1,1,0,1,0,1,,1,1,1,1
GLW,10358,Corning Inc,1,1,1,0,0,1,0,1,1,1,1,0,1,0,1,1,1,0,1,0,0,,1,0,0,0
GLPI,10357,"Gaming & Leisure Properties, Inc.",0,0,0,0,0,1,0,0,1,0,0,0,1,0,1,1,1,0,0,0,0,,0,0,0,0
GL,10355,Global Life,1,0,0,0,0,1,1,0,1,0,0,1,1,0,1,1,0,0,0,0,0,,0,1,0,0
GIS,10354,General Mills Inc,1,1,1,1,1,1,1,1,1,1,1,1,1,1,1,1,0,1,1,0,1,,1,1,0,1
GILD,10353,Gilead Sciences Inc,1,1,0,0,0,0,1,0,1,1,1,0,1,1,1,1,1,0,1,1,0,,1,0,0,1
GH,10351,"Guardant Health, Inc.",0,0,0,0,0,0,0,0,0,0,0,0,1,1,1,1,1,0,0,0,0,,0,0,0,0
GE,10349,General Electric Company,1,1,1,1,0,1,0,1,1,1,1,1,1,0,1,1,1,0,0,0,1,,0,0,0,1
GDDY,10348,GoDaddy.com Inc,1,0,0,1,0,1,1,0,1,0,1,0,1,0,1,1,1,0,1,0,0,,1,1,0,0
GD,10347,General Dynamics Corp,0,1,1,0,0,1,1,0,1,1,0,0,1,0,1,0,0,0,0,0,0,,0,0,0,0
G,10345,Genpact Ltd,0,1,0,0,1,1,1,0,0,0,1,1,1,1,1,1,1,0,1,0,1,,0,0,0,1
FWONK,10344,Liberty Media Corporation,0,0,0,1,0,1,1,0,0,0,0,1,0,0,1,0,0,0,0,1,0,,0,0,0,0
FTV,10343,Fortive Corp,0,1,0,0,0,0,0,0,0,0,0,0,1,0,1,0,0,0,1,0,0,,0,1,0,1
FTNT,10342,Fortinet Inc,1,0,1,0,0,1,0,0,1,0,1,0,1,0,1,1,1,0,0,0,0,,0,0,0,0
FTDR,10341,"frontdoor, inc.",0,0,0,0,0,1,0,1,1,1,0,0,1,0,1,1,1,0,0,0,0,,1,0,0,0
FSLY,10340,Fastly,0,0,0,1,0,0,1,0,1,0,1,0,1,0,0,1,1,0,0,0,0,,0,0,0,0
FSLR,10339,First Solar Inc,0,1,0,1,0,1,1,0,0,1,1,1,1,0,1,1,1,1,1,0,0,,0,1,0,0
FRC,10338,First Republic Bank,0,0,0,1,0,0,0,0,0,1,0,1,0,0,1,1,1,0,1,0,0,,0,0,0,0
FOX,10337,Fox Corporation,0,1,1,0,0,1,0,0,0,1,0,0,1,0,1,1,1,0,0,0,0,,0,0,0,0
FNF,10336,"Fidelity National Financial, Inc.",0,0,0,0,0,0,1,0,0,1,0,0,0,0,1,1,1,0,0,0,0,,0,0,0,0
FIS,10336,"Fidelity National Financial, Inc.",1,0,0,1,0,1,1,0,1,1,1,1,1,0,1,1,1,0,1,0,0,,0,0,0,1
FND,10335,"Floor & Decor Holdings, Inc.",0,0,0,0,0,0,0,0,1,0,1,0,0,0,1,0,0,0,0,0,0,,0,0,0,0
FNB,10334,F.N.B. Corporation,0,0,1,1,0,0,1,0,0,0,0,1,1,0,1,1,1,0,1,0,0,,0,1,0,0
FMC,10333,FMC Corp,0,1,0,0,0,1,0,0,1,0,1,1,1,0,1,1,0,1,1,0,0,,1,0,0,1
FLT,10332,"FLEETCOR Technologies, Inc.",0,0,0,0,0,0,0,0,0,0,0,0,1,0,1,1,1,0,0,0,0,,0,0,0,0
FLS,10331,Flowserve Corp,0,1,0,0,0,0,0,0,1,1,1,0,1,0,1,0,1,0,0,0,1,,0,0,0,1
FLO,10330,"Flowers Foods, Inc.",0,0,1,0,0,0,0,0,0,0,0,0,1,0,1,1,0,0,0,0,0,,0,0,1,1
FL,10328,Foot Locker Inc,0,1,1,0,0,1,0,0,1,1,0,0,1,0,1,1,1,0,0,0,1,,0,1,0,0
FIVN,10327,FIVE9 INC,0,0,0,0,0,0,0,0,0,0,0,0,1,0,1,0,1,0,0,0,0,,0,0,0,0
FIVE,10326,"Five Below, Inc.",0,0,0,0,0,0,0,0,1,0,1,0,1,0,1,1,0,0,0,0,0,,0,1,0,0
FITB,10325,Fifth Third Bancorp,0,0,1,0,0,1,1,0,1,1,0,1,1,0,1,1,1,0,1,1,1,,0,1,0,1
FISV,10324,Fiserv Inc,0,0,1,0,0,1,0,0,0,1,0,1,1,0,1,1,1,0,0,0,0,,0,0,0,0
FICO,10322,Fair Isaac Corp,0,0,0,0,0,0,1,0,1,0,0,0,1,0,1,1,1,0,0,0,0,,0,0,0,0
FHN,10321,First Horizon National Corp,1,0,0,1,0,1,0,0,0,1,0,0,1,0,1,0,1,0,0,0,0,,0,0,0,0
FHB,10320,First Hawaiian Inc,0,0,0,0,0,0,0,0,0,0,0,0,1,1,1,1,0,0,0,0,0,,0,1,0,0
FFIV,10319,F5 Networks Inc,1,0,0,1,0,0,0,0,0,0,1,0,1,0,1,1,1,0,0,0,0,,0,1,0,0
FE,10317,FirstEnergy Corp.,0,0,1,1,0,1,1,1,1,1,0,1,1,0,0,1,0,0,1,0,1,,1,1,0,1
FDX,10316,FedEx Corp,1,1,1,1,0,1,0,0,1,1,0,0,1,0,1,1,1,0,1,0,1,,1,1,0,1
FDS,10315,Factset Research Systems Inc,0,0,0,1,0,1,1,0,1,0,0,1,1,0,1,1,1,0,1,0,0,,0,0,0,0
FCX,10314,Freeport-McMoRan Inc.,1,1,1,0,1,1,0,1,1,1,1,1,1,0,1,0,0,0,1,0,1,,1,1,0,1
FCN,10312,"FTI Consulting, Inc.",1,1,0,1,0,1,1,0,1,0,0,0,1,0,1,1,1,0,0,1,0,,1,0,0,0
FBHS,10311,Fortune Brands Home and Security Inc,0,1,0,1,0,1,0,1,1,0,0,1,1,0,1,1,0,0,0,0,0,,0,1,0,0
FB,10310,Facebook Inc,1,0,1,1,0,1,1,1,1,1,0,0,0,0,1,1,1,0,0,1,,1,1,0,1,1
FAST,10309,Fastenal Co,0,1,1,0,1,0,1,0,1,1,0,0,1,0,1,0,1,0,0,0,0,,0,0,0,0
FANG,10308,Diamondback Energy Inc,0,1,0,0,0,1,0,1,0,0,1,1,1,0,1,1,0,0,0,0,0,,0,1,0,0
F,10306,Ford Motor Company,1,1,1,1,1,1,1,1,1,1,1,1,0,0,1,1,1,0,1,0,1,,1,1,1,1
EXR,10305,Extra Space Storage Inc,1,0,0,0,0,1,1,0,1,0,0,0,1,0,1,1,1,0,1,0,1,,1,0,0,1
EXPE,10304,Expedia Inc,0,0,0,1,0,1,1,0,1,0,1,0,1,0,1,1,0,0,0,0,0,,1,0,0,0
EXP,10302,Eagle Materials Inc,0,0,0,0,0,0,0,0,0,0,0,0,1,0,1,1,0,0,0,0,0,,0,0,0,0
EXEL,10301,Exelixis Inc,0,0,0,0,0,0,1,0,0,0,1,0,1,0,1,0,0,0,0,0,0,,0,0,0,0
EXC,10300,Exelon Corp,1,1,1,1,0,0,1,0,0,1,0,1,1,0,1,1,0,0,1,0,1,,1,1,0,1
EXAS,10299,Exact Sciences Corp,0,1,0,1,0,0,1,0,0,0,0,0,0,0,1,1,1,0,0,0,0,,0,1,0,0
EWBC,10298,East West Bancorp Inc,0,0,0,0,0,0,0,0,0,1,0,0,1,1,1,1,1,0,0,0,0,,0,0,0,0
EW,10297,Edwards Lifesciences Corp,1,1,1,1,0,1,1,0,1,1,1,1,1,0,1,1,1,0,1,0,1,,1,1,0,0
EVRG,10296,"Evergy, Inc.",0,0,0,1,0,0,0,0,0,0,0,0,1,0,1,1,0,0,0,0,1,,0,0,1,1
EVR,10295,Evercore Partners Inc,0,0,1,1,0,0,0,0,0,0,0,0,0,0,1,1,1,0,0,0,0,,0,0,0,0
EVBG,10294,"Everbridge, Inc.",0,0,0,1,0,1,0,0,0,1,0,0,1,0,1,0,1,0,0,0,0,,0,0,0,0
ETSY,10292,"Etsy, Inc.",1,0,0,1,0,1,1,0,1,1,0,0,0,0,1,0,1,1,0,1,1,,1,1,1,1
ETR,10290,Entergy Corp,0,1,1,1,0,1,1,0,1,1,0,1,1,0,1,1,0,0,1,0,1,,0,1,0,1
ETN,10289,Eaton Corp PLC,0,1,1,1,0,1,0,0,1,1,1,0,1,0,1,1,1,0,1,0,1,,0,1,1,1
ESTC,10287,Elastic N.V.,0,0,0,1,0,1,1,0,1,0,0,0,1,0,1,1,1,0,0,0,0,,1,0,0,0
ESS,10286,Essex Property Trust Inc,1,0,0,0,0,1,0,0,1,0,0,0,1,0,1,1,1,0,1,0,1,,1,0,0,0
ESI,10284,Element Solutions Inc,1,1,1,0,1,1,0,0,1,0,1,0,0,0,1,0,1,0,0,0,1,,0,0,0,0
ES,10283,Eversource Energy,0,1,1,0,0,1,0,0,1,1,0,0,1,0,1,1,1,0,1,0,0,,1,1,0,1
ERIE,10282,Erie Indemnity Co,0,0,1,1,0,0,1,0,0,0,0,0,0,0,1,0,0,0,0,0,0,,0,0,0,0
EQT,10281,EQT Corporation,0,1,1,1,0,0,1,0,0,1,0,0,1,0,1,1,0,0,1,0,0,,1,0,0,0
EQR,10280,Equity Residential,1,0,1,0,0,0,1,0,0,0,0,0,0,0,1,1,0,0,1,0,0,,0,0,0,1
EQIX,10279,Equinix Inc,1,1,1,1,0,1,0,0,1,0,0,0,1,0,1,1,1,1,1,0,,1,1,1,0,1
EQH,10278,"Equitable Holdings, Inc.",1,0,1,1,0,0,1,0,0,0,0,1,0,0,1,1,1,0,0,1,0,,0,0,0,0
EPAM,10277,EPAM Systems,0,0,0,0,0,0,1,0,1,0,0,0,0,0,1,1,0,0,0,0,0,,0,1,0,1
EOG,10276,"EOG Resorces, Inc.",0,0,0,1,0,0,1,0,0,0,0,1,1,0,1,1,0,0,0,0,0,,0,1,0,1
ENTG,10275,"Entegris, Inc.",0,1,1,0,0,1,1,1,1,0,1,0,1,0,1,1,0,0,0,0,0,,1,0,0,0
ENPH,10273,"Enphase Energy, Inc.",1,0,0,0,0,1,0,0,1,0,1,0,0,0,1,1,1,0,0,0,0,,0,0,0,0
EMR,10272,Emerson Electric Co,0,1,1,1,0,1,1,1,1,1,0,1,0,0,1,1,0,0,1,0,0,,0,1,0,1
EMN,10271,Eastman Chemical Co,0,1,1,1,0,1,1,0,1,0,1,1,1,0,1,1,1,0,1,0,0,,1,0,0,0
ELS,10270,"Equity Lifestyle Properties, Inc.",0,0,1,1,0,1,0,1,1,0,1,1,0,0,1,1,1,0,1,0,0,,0,0,0,0
ELAN,10269,Elanco Animal Health Incorporated,0,0,0,0,0,0,1,0,0,1,0,0,1,0,1,1,0,0,0,0,0,,0,0,0,1
EL,10268,The Estee Lauder Companies Inc.,1,0,0,1,0,1,0,0,1,1,0,1,0,0,1,1,1,1,0,0,1,,1,1,0,1
EHC,10266,Encompass Health Corporation,1,0,1,1,0,0,0,0,0,1,0,0,1,0,1,1,1,0,1,0,0,,0,0,0,0
EFX,10265,Equifax Inc,0,0,0,1,0,0,0,0,0,1,0,0,1,0,1,1,0,0,0,0,0,,0,1,0,0
EEFT,10264,"Euronet Worldwide, Inc.",0,0,0,0,0,0,0,0,0,0,0,0,1,0,1,1,1,0,0,0,0,,0,0,0,0
ECL,10262,Ecolab Inc,1,1,1,1,1,1,1,1,1,1,1,1,1,0,1,1,1,1,1,0,1,,1,1,0,1
EBAY,10261,eBay Inc,1,0,0,0,0,1,1,1,1,0,0,0,1,0,1,1,1,0,1,0,1,,1,0,1,1
EA,10259,Electronic Arts Inc.,1,1,0,1,0,1,1,1,1,0,1,1,1,0,1,1,1,0,1,0,0,,1,0,0,0
DXCM,10258,DexCom Inc,0,1,0,0,0,1,0,0,1,1,0,0,1,0,1,0,1,0,0,0,0,,0,1,0,0
DXC,10257,DXC Technology Company,0,1,0,0,1,1,0,1,1,1,1,0,1,0,0,1,1,0,0,0,1,,0,0,0,1
DVN,10256,Devon Energy Corp,0,1,1,1,0,1,1,0,0,0,1,1,1,0,1,1,0,0,1,0,0,,1,0,0,1
DVA,10255,DaVita Inc.,1,0,1,1,0,1,1,0,0,0,0,1,1,1,1,1,1,0,0,0,1,,1,0,0,1
DUK,10254,Duke Energy Corporation,1,1,1,1,1,1,1,1,1,1,0,0,1,0,1,1,1,0,1,0,1,,0,0,0,1
DTE,10253,DTE Energy Co,0,1,1,0,0,0,1,0,0,1,0,1,1,0,1,0,0,0,1,0,1,,1,1,1,1
DRI,10252,Darden Restaurants Inc,0,0,0,0,0,0,1,0,0,1,0,1,1,0,1,1,1,0,1,0,0,,0,1,0,0
DPZ,10251,Domino's Pizza Inc,0,0,0,0,0,0,0,0,0,0,0,0,1,0,1,1,1,0,0,0,0,,0,1,0,0
DOW,10250,Dow Inc.,1,1,1,0,0,1,1,1,1,1,0,0,1,0,1,1,0,0,1,0,1,,1,0,0,1
DOV,10249,Dover Corp,0,1,1,0,0,1,0,0,1,0,1,1,1,0,1,1,1,0,0,0,0,,0,1,0,0
DOCU,10248,DocuSign Inc,1,0,0,1,0,0,0,0,0,0,0,0,1,0,1,1,1,0,0,0,0,,0,0,0,0
DLTR,10246,Dollar Tree Inc,1,0,0,0,0,1,0,0,1,0,1,1,1,0,1,0,1,0,0,0,0,,0,1,0,1
DLR,10245,Digital Realty Trust Inc,1,1,1,0,0,1,0,1,1,1,0,0,1,0,1,1,1,1,1,0,1,,1,0,0,1
DLB,10244,Dolby Laboratories Inc,1,0,0,0,0,1,0,0,1,1,0,0,1,0,1,1,0,0,0,0,1,,0,0,0,1
DKS,10243,Dick's Sporting Goods Inc,0,0,1,1,1,1,1,0,1,1,1,0,1,0,1,0,1,0,0,0,0,,1,1,0,1
DISH,10242,DISH Network Corp,0,0,1,0,0,0,0,0,1,0,0,0,1,0,1,0,0,0,0,0,0,,0,0,0,0
DISCA,10241,"Discovery, Inc.",1,0,0,1,0,1,1,0,0,1,1,1,1,0,1,1,0,0,0,0,0,,0,0,0,0
DIS,10240,The Walt Disney Company,0,0,1,1,1,1,1,1,1,1,1,1,1,1,1,1,1,0,1,0,1,,0,1,0,1
DHR,10239,Danaher Corporation,0,1,1,1,0,1,0,0,1,1,0,0,1,0,1,1,1,0,0,0,0,,1,0,0,1
DHI,10238,DR Horton Inc,0,0,0,0,0,0,0,0,0,0,0,0,0,0,1,1,0,0,0,0,0,,0,0,0,0
DGX,10237,Quest Diagnostics Inc,1,0,1,0,0,1,0,0,1,1,0,0,1,0,1,0,0,0,0,0,0,,1,1,0,0
DG,10236,Dollar General Corp,0,0,1,1,0,0,0,0,1,1,1,1,1,0,1,1,1,0,0,0,0,,0,1,0,0
DFS,10235,Discover Financial Services Inc,1,0,1,1,0,1,1,0,0,1,1,1,1,0,1,1,1,0,0,0,0,,1,1,0,0
DELL,10234,Dell Technologies Inc.,1,1,1,0,1,1,1,0,1,1,1,0,0,0,1,1,1,0,0,0,1,,1,0,1,1
DEI,10233,"Douglas Emmett, Inc.",1,0,1,0,0,1,0,1,1,0,0,0,1,0,1,1,0,1,0,0,0,,0,0,0,0
DE,10232,Deere & Company,1,1,1,1,0,1,1,0,1,1,1,0,1,0,1,1,1,1,0,0,1,,0,1,1,1
DDOG,10231,DataDog,0,0,0,1,0,0,1,0,0,1,0,0,1,0,1,1,0,0,0,0,0,,0,0,0,0
DD,10230,"DuPont De Nemours, Inc.",0,1,1,1,0,1,0,1,1,1,0,0,1,0,1,1,1,0,1,0,1,,0,0,0,1
DCI,10229,Donaldson Co Inc,0,1,0,0,0,0,0,0,0,0,0,1,1,0,1,1,0,0,1,0,0,,0,1,0,1
DBX,10228,"Dropbox, Inc.",1,0,1,1,0,1,0,0,1,0,0,0,1,0,1,1,1,0,0,0,0,,0,0,0,1
DAL,10227,Delta Air Lines Inc,1,1,1,1,0,1,0,1,1,1,1,1,1,0,1,1,1,0,1,0,0,,1,1,0,1
D,10226,"Dominion Energy, Inc.",1,1,1,1,0,0,1,1,1,1,0,1,0,0,1,1,1,0,1,0,1,,1,1,0,1
CW,10224,Curtiss-Wright Corp,0,1,1,0,0,1,0,0,1,1,1,0,1,0,1,0,1,0,0,0,0,,0,0,0,0
CVX,10223,Chevron Corporation,1,1,1,1,0,1,1,1,1,1,1,1,1,1,1,1,1,0,1,0,0,,0,1,0,1
CVS,10222,CVS Health Corporation,1,1,1,1,0,1,0,1,1,1,0,1,1,1,1,1,1,0,1,0,0,,1,1,0,1
CVNA,10221,Carvana Co.,0,0,0,0,0,0,0,0,0,0,0,0,0,0,1,1,0,0,0,0,0,,0,0,0,0
CUBE,10220,"CubeSmart, L.P.",0,0,0,0,0,0,1,0,0,0,0,0,1,0,1,1,1,0,0,0,0,,0,0,0,0
CTXS,10219,"Citrix Systems, Inc,",1,0,1,1,0,1,1,0,1,1,0,1,1,0,1,1,1,0,0,0,0,,0,1,0,0
CTVA,10218,"Corteva, Inc.",0,1,0,1,0,0,1,0,1,1,0,0,1,0,1,1,0,0,0,0,0,,1,1,0,1
CTLT,10216,Catalent Inc,1,1,1,0,0,1,0,1,1,1,1,1,1,0,1,1,1,0,1,0,1,,0,0,0,1
CTAS,10215,Cintas Corp,0,1,1,0,0,0,0,0,1,1,1,0,0,0,1,0,1,0,0,0,0,,0,0,0,1
CSX,10214,CSX Corp,0,1,1,1,0,1,0,0,0,1,0,0,1,0,1,1,0,0,1,0,0,,0,0,0,1
CSL,10213,Carlisle Cos Inc,0,0,0,0,0,1,0,0,1,0,0,1,1,0,1,1,1,0,1,0,0,,1,0,0,0
CSCO,10211,Cisco Systems Inc,1,1,1,1,1,1,1,1,1,1,1,1,1,0,1,1,1,1,1,0,0,,1,1,1,1
CRWD,10210,Crowdstrike,0,0,0,0,0,1,1,0,0,1,0,0,1,0,1,0,1,0,0,0,0,,0,0,0,0
CRUS,10209,"Cirrus Logic, Inc.",0,0,0,1,0,1,1,0,0,0,1,1,1,0,1,1,1,0,0,0,0,,0,1,0,0
CRM,10208,"Salesforce.com, inc.",1,1,1,1,0,1,1,1,1,1,1,1,1,0,1,1,1,1,1,0,,1,1,1,0,1
CRI,10206,"Carter's, Inc.",0,0,0,1,0,1,1,0,1,0,1,0,1,0,1,0,0,0,1,0,0,,1,0,0,1
CR,10204,Crane Co,0,0,0,0,0,1,0,0,0,0,1,0,1,0,1,0,1,0,0,0,0,,0,0,0,1
CPT,10203,Camden Property Trust,1,0,1,0,0,1,1,1,0,0,0,0,1,1,1,0,0,0,0,0,0,,0,0,0,0
CPRT,10202,Copart Inc,0,1,1,0,0,0,0,0,0,1,0,0,1,0,1,1,1,0,0,0,0,,0,0,0,0
CPRI,10201,Capri Holdings Limited,1,0,0,0,1,0,0,0,1,0,1,0,1,0,1,1,0,0,0,0,0,,0,0,0,1
CPB,10200,Campbell Soup Company,1,1,1,1,0,1,0,1,1,1,1,1,1,0,1,1,0,1,1,0,1,,1,1,0,1
COUP,10199,Coupa Software Incorporated,0,0,0,0,0,1,1,0,1,0,0,0,1,0,1,0,1,0,0,0,0,,0,0,0,0
COTY,10198,Coty Inc,0,1,1,0,0,1,0,0,1,0,0,0,1,0,1,1,0,0,0,0,0,,1,0,0,1
COST,10197,Costco Wholesale Corp,1,0,1,1,0,1,1,0,1,1,0,1,1,0,1,1,1,0,0,0,0,,1,1,1,0
COP,10196,ConocoPhillips,0,1,1,1,0,1,1,1,1,1,1,1,1,0,1,1,1,0,1,0,0,,0,1,0,1
COO,10195,"The Cooper Companies, Inc.",0,0,0,0,0,1,0,0,0,0,1,0,1,0,1,1,1,0,0,0,0,,1,1,0,0
COMM,10194,"CommScope Holding Company, Inc.",0,1,0,0,0,1,0,0,1,1,1,0,1,0,1,0,1,0,1,0,1,,1,0,1,0
COLM,10193,Columbia Sportswear Company,1,0,0,1,0,1,0,0,1,0,0,0,1,0,1,1,1,1,0,0,0,,0,1,0,0
COLD,10192,Americold Realty Trust,1,0,1,0,0,1,0,1,1,0,0,1,1,0,1,0,0,0,0,0,0,,1,0,0,0
COHR,10191,Coherent Inc,0,1,0,0,0,0,0,0,0,0,0,0,1,0,1,0,1,0,0,0,0,,0,0,0,0
COF,10189,Capital One Financial Corporation,1,0,1,1,0,0,1,0,1,1,0,0,1,0,1,1,0,0,1,0,,1,1,1,0,1
CNP,10188,CenterPoint Energy Inc,0,1,1,0,0,0,1,0,0,1,0,1,1,1,1,1,1,0,1,0,0,,0,1,1,1
CNC,10187,Centene Corp,1,0,1,1,0,0,0,0,0,1,0,1,1,0,1,1,0,0,0,1,0,,0,0,0,0
CNA,10186,CNA Financial Corp,0,0,0,1,0,0,0,0,0,1,0,0,1,0,1,0,1,0,1,0,0,,0,0,0,0
CMS,10185,CMS Energy Corp,0,0,1,1,0,1,0,0,1,1,0,0,1,0,1,0,1,0,1,0,0,,0,1,0,1
CMI,10184,Cummins Inc,0,1,1,1,0,1,0,0,1,1,0,0,1,1,1,1,1,0,0,0,1,,1,1,1,1
CMG,10183,Chipotle Mexican Grill Inc,1,1,1,1,0,1,0,1,1,1,0,1,1,0,1,1,1,0,1,0,1,,1,1,0,0
CME,10182,CME Group Inc,0,0,0,0,0,1,1,0,0,0,0,1,0,0,1,1,1,0,1,0,0,,0,1,0,0
CMCSA,10181,Comcast Corp,1,0,1,0,1,1,1,0,1,1,1,1,0,0,1,1,1,0,0,0,0,,0,0,0,1
CMA,10180,Comerica Inc,1,0,1,0,0,0,0,0,0,1,0,0,1,0,1,1,1,0,1,0,0,,1,1,0,1
CLX,10179,The Clorox Company,1,1,0,1,0,1,0,1,1,1,0,0,1,1,1,1,1,1,1,0,0,,1,1,0,1
CLH,10177,Clean Harbors Inc,1,1,1,0,0,1,0,1,1,1,0,0,1,0,1,0,0,0,1,0,0,,0,1,0,0
CL,10175,Colgate-Palmolive Company,1,1,1,1,1,1,1,1,1,1,1,1,1,0,1,1,1,0,1,0,1,,1,1,0,1
CINF,10174,Cincinnati Financial Corp,0,0,0,0,0,0,0,0,0,0,1,1,0,0,1,0,1,0,0,0,0,,1,1,0,0
CIEN,10173,Ciena Corporation,0,1,0,1,0,1,1,0,1,1,1,0,1,0,1,0,1,1,0,0,1,,0,0,0,0
CI,10172,Cigna Corporation,0,0,1,1,0,1,1,1,1,1,0,1,1,0,1,1,1,0,1,1,0,,1,1,0,1
CHTR,10171,Charter Communications Inc,0,1,1,0,0,0,0,0,0,1,0,0,0,0,1,1,1,0,0,0,0,,0,1,0,0
CHRW,10170,CH Robinson Worldwide Inc,0,0,1,1,0,1,1,0,0,1,0,0,1,0,1,1,1,0,1,1,1,,0,0,0,1
CHH,10169,Choice Hotels International Inc,0,0,0,1,0,1,1,0,0,1,0,0,1,0,1,0,1,0,0,0,0,,1,1,0,0
CHGG,10168,"Chegg, Inc.",0,0,0,1,0,0,0,0,0,0,0,0,1,0,1,0,1,0,0,0,0,,0,0,0,0
CHE,10167,Chemed Corp,0,0,0,0,0,0,0,0,0,0,0,0,1,0,1,0,1,0,0,0,0,,0,0,0,0
CHD,10166,Church & Dwight Co Inc,0,1,0,0,1,1,0,1,1,1,1,0,1,0,1,1,1,0,1,0,,1,0,1,0,1
CGNX,10165,Cognex Corp,0,0,0,0,0,0,0,0,1,0,0,1,1,0,1,1,0,0,0,0,0,,0,0,0,0
CG,10164,Carlyle Group,0,0,1,1,0,0,0,0,0,0,0,0,1,0,1,0,0,0,1,1,0,,0,1,1,1
CFX,10163,Colfax Corp,0,1,0,0,0,1,0,1,1,0,1,0,1,0,1,1,1,0,0,0,0,,0,0,0,0
CFR,10162,Cullen/Frost Bankers Inc,0,0,0,0,0,0,0,0,0,0,0,0,0,0,1,0,1,0,0,0,0,,0,0,0,0
CFG,10161,Citizens Financial Group Inc,0,0,1,1,0,0,1,0,0,1,0,0,1,0,1,1,0,0,0,0,0,,1,1,0,0
CF,10160,CF Industries Holdings Inc,0,1,0,0,0,1,0,1,0,1,0,0,1,0,1,1,0,0,1,0,0,,0,1,0,1
CERN,10159,Cerner Corp,0,0,1,1,0,1,1,0,1,0,1,0,1,0,1,1,0,0,0,0,0,,0,1,0,0
CE,10158,Celanese Corporation,0,1,0,0,0,1,1,1,1,1,1,0,1,0,1,0,1,0,0,0,0,,0,0,0,0
CDW,10157,CDW Corporation,0,1,1,0,0,1,1,0,0,1,0,1,1,0,1,1,1,0,0,0,0,,1,1,0,0
CDNS,10156,Cadence Design Systems Inc,0,1,0,0,0,0,1,0,1,0,0,1,1,0,1,0,1,0,1,0,1,,1,0,0,1
CDK,10155,CDK Global Inc,0,0,1,0,0,1,0,0,1,1,0,0,1,0,1,0,1,0,0,0,0,,0,0,0,0
CDAY,10154,Ceridian HCM Holding Inc,1,0,0,1,0,1,1,1,0,0,1,0,1,0,1,1,1,0,0,0,0,,0,0,0,0
CCL,10153,Carnival Corporation,0,1,1,0,0,1,1,0,1,0,1,0,1,0,1,1,1,0,1,0,0,,0,1,0,1
CCK,10152,"Crown Holdings, Inc.",0,0,0,0,0,1,0,0,1,0,0,0,1,0,1,1,1,0,0,0,1,,0,0,0,1
CCI,10151,Crown Castle International Corp,0,1,0,1,0,0,0,0,1,1,0,1,1,0,0,1,0,0,0,0,0,,1,1,0,0
CC,10150,The Chemours Company,0,1,1,1,0,1,0,0,1,1,1,0,1,0,1,1,1,1,0,0,1,,1,0,0,1
CBSH,10148,"Commerce Bancshares, Inc.",0,0,1,1,0,0,1,0,0,1,0,1,0,0,1,1,0,0,0,0,0,,0,0,0,0
CBRE,10147,"CBRE Group, Inc.",1,1,1,1,0,1,1,0,1,1,1,0,1,1,0,1,1,0,1,0,1,,0,1,0,1
CBOE,10146,"Cboe Global Markets, Inc.",0,0,0,0,0,0,0,0,0,0,0,0,1,0,1,0,1,0,0,0,1,,0,0,0,0
CB,10145,Chubb Limited,0,0,0,1,0,1,0,0,0,0,0,0,0,0,1,0,0,1,0,1,0,,0,1,0,1
CAT,10144,Caterpillar Inc.,1,1,1,0,0,1,0,0,0,1,1,0,1,0,1,1,1,1,0,0,1,,1,1,1,1
CASY,10143,Casey's General Stores Inc,0,0,1,0,0,0,0,0,0,0,1,0,1,0,1,0,0,0,0,0,0,,0,0,0,0
CARR,10142,Carrier Global Corp.,1,1,0,1,0,1,0,1,1,1,1,1,1,0,1,1,1,0,1,0,0,,1,1,1,1
CAH,10141,"Cardinal Health, Inc.",1,1,1,1,0,1,0,1,1,1,0,0,1,0,1,1,0,0,1,1,0,,1,1,0,0
CAG,10140,"Conagra Brands, Inc.",1,1,1,0,0,1,0,0,1,1,1,1,1,0,1,1,0,1,0,0,1,,1,1,1,1
CACI,10139,CACI International,0,0,1,0,0,0,1,0,0,1,0,1,1,0,1,0,1,0,0,0,0,,0,0,0,0
CACC,10138,Credit Acceptance Corp,0,0,0,0,0,0,1,0,0,0,0,0,1,0,1,0,0,0,0,0,0,,0,0,0,0
CABO,10137,Cable One Inc,0,0,0,0,0,0,0,0,0,0,0,1,1,1,1,1,0,0,0,0,0,,0,0,0,0
C,10136,Citigroup Inc.,1,1,1,1,1,1,1,1,1,1,1,1,1,1,1,1,1,0,1,0,,1,1,1,0,1
BYND,10135,"Beyond Meat, Inc.",0,0,0,0,0,0,0,0,0,0,0,0,1,0,1,0,1,0,0,0,0,,0,0,0,0
BXP,10134,Boston Properties,0,1,0,1,0,1,1,0,0,0,0,1,1,0,1,1,1,1,1,0,0,,0,1,0,1
BWXT,10133,"BWX Technologies, Inc.",0,1,0,1,0,1,1,0,1,1,0,1,1,0,1,1,0,0,0,0,0,,0,0,0,0
BWA,10132,BorgWarner Inc,1,1,1,1,0,1,0,0,1,1,0,0,1,0,1,0,0,1,1,0,0,,0,1,0,1
BURL,10131,Burlington Stores Inc,0,0,0,0,1,0,0,0,1,0,1,1,1,0,1,0,1,0,0,0,1,,0,0,0,0
BSX,10130,Boston Scientific Corp,1,1,1,1,0,1,1,1,1,1,0,1,1,0,1,1,1,0,1,0,1,,1,1,1,1
BRO,10129,Brown & Brown Inc,0,0,0,0,0,0,0,0,0,0,0,0,0,0,1,0,1,0,0,0,0,,0,0,0,0
BRKR,10128,Bruker Corp,0,1,1,0,0,1,0,0,1,0,0,0,0,0,0,1,1,0,0,0,0,,0,0,0,0
BRK.B,10127,Berkshire Hathaway Inc,0,0,0,0,0,0,0,0,0,1,0,0,0,0,1,0,0,0,0,1,0,,0,0,0,0
BR,10126,Broadridge Financial Solutions,0,0,1,1,0,1,1,0,1,1,1,0,1,0,1,1,0,0,0,0,0,,0,0,0,1
BPOP,10125,Popular Inc.,0,0,0,1,0,0,0,0,0,1,0,0,1,1,1,1,0,0,0,0,0,,0,0,0,0
BOKF,10124,BOK Financial Corp,0,0,0,0,0,0,0,0,0,0,0,0,0,0,1,1,0,0,0,0,0,,0,1,0,0
BOH,10123,Bank of Hawaii Corp,0,0,0,0,0,0,0,0,0,0,0,0,0,1,1,0,1,0,0,0,0,,0,1,0,0
BMY,10122,Bristol-Myers Squibb Co,0,1,1,1,0,1,1,1,1,1,0,0,1,0,1,0,0,0,1,0,0,,1,0,0,1
BLL,10119,Ball Corp,1,1,1,1,0,1,1,1,1,1,1,0,1,1,1,1,1,0,1,0,1,,1,1,0,1
BLK,10118,BlackRock Inc,1,1,1,1,0,1,1,1,1,1,1,0,1,0,1,0,1,0,0,1,,1,1,0,0,1
BKR,10117,Baker Hughes Company,0,1,1,1,0,1,0,0,0,1,1,0,1,0,1,1,1,0,0,0,1,,0,0,0,1
BKNG,10116,Booking Holdings Inc.,0,0,0,0,0,1,1,1,0,0,0,0,1,0,1,1,1,0,1,0,0,,0,1,0,0
BKI,10115,"Black Knight, Inc.",0,0,1,1,0,0,1,0,0,0,0,1,1,0,1,0,1,0,0,0,0,,0,0,0,0
BILL,10112,"Bill.com Holdings, Inc.",0,0,0,0,0,0,0,0,0,1,0,0,1,1,1,0,0,0,0,0,0,,0,1,0,0
BIIB,10111,Biogen Inc.,1,1,0,1,1,1,1,0,1,1,0,1,1,0,1,1,1,1,1,0,1,,1,1,0,1
BHF,10110,Brighthouse Financial Inc,1,0,0,1,0,0,1,0,0,0,0,0,1,1,1,1,0,0,0,0,0,,0,0,0,0
BG,10109,Bunge Ltd,0,1,1,0,0,1,1,1,1,0,1,0,0,0,1,1,1,1,1,0,1,,0,1,1,1
BFAM,10108,Bright Horizons Family Solutions Inc,0,0,0,0,0,0,1,0,0,1,0,0,1,1,1,1,1,0,0,0,0,,0,0,0,0
BF.B,10107,Brown-Forman Corp,1,0,1,1,0,1,0,0,1,1,0,0,1,0,1,0,1,0,1,0,1,,1,1,1,1
BERY,10106,"Berry Global Group, Inc.",0,1,1,0,0,1,0,1,1,0,1,0,1,0,1,1,1,1,0,0,1,,0,0,0,1
BEN,10105,"Franklin Resources, Inc.",0,0,0,1,0,0,0,0,0,1,0,1,1,0,1,1,0,1,1,0,0,,0,0,0,1
BDX,10104,"Becton, Dickinson and Company",1,1,1,1,0,1,1,1,1,1,1,0,1,0,1,1,1,1,0,0,1,,0,1,0,1
BC,10103,Brunswick Corp,0,1,1,1,0,1,0,0,1,0,0,0,1,0,1,1,1,0,1,0,0,,0,1,0,0
BBY,10102,"Best Buy Co., Inc.",0,0,1,1,1,1,1,1,1,1,1,1,1,1,1,1,1,0,1,0,0,,1,1,1,1
BAX,10101,Baxter International Inc,0,1,1,1,0,1,1,1,1,1,0,1,1,0,0,0,1,1,1,0,1,,1,1,0,1
BAH,10100,Booz Allen Hamilton Holding Corp,1,0,1,1,0,1,1,0,1,1,1,0,1,1,1,1,0,0,0,1,0,,0,1,0,0
BAC,10099,Bank of America Corporation,1,1,1,1,1,1,1,1,1,1,1,1,1,0,1,1,1,1,1,1,,1,1,1,0,1
BA,10098,The Boeing Company,1,0,1,1,0,1,1,0,1,1,0,1,1,0,1,1,0,0,0,0,0,,1,1,0,1
AZPN,10097,Aspen Technology Inc,0,0,0,0,0,0,0,0,0,0,0,1,1,0,0,0,1,0,0,0,0,,0,0,0,0
AZO,10096,"AutoZone, Inc.",0,0,1,0,0,1,0,0,1,0,0,0,1,0,1,0,0,0,0,0,0,,0,1,0,0
AYX,10095,"Alteryx, Inc.",0,0,0,1,0,0,1,0,0,0,1,0,1,0,1,1,1,0,0,0,0,,0,0,0,0
AYI,10094,Acuity Brands Inc,0,1,0,0,0,1,0,0,1,0,1,0,1,0,1,1,0,0,1,0,1,,0,0,0,1
AXTA,10093,Axalta Coating Systems Ltd,0,1,0,0,0,1,0,1,1,1,1,0,1,0,1,0,0,0,1,0,0,,0,0,0,1
AXS,10092,Axis Capital Holdings Ltd,1,0,0,1,0,1,0,1,1,0,0,1,0,0,1,1,1,1,0,1,0,,1,1,0,0
AXP,10091,American Express Company,1,0,0,1,0,1,1,0,0,1,0,1,1,1,1,0,1,0,0,1,1,,1,1,0,1
AWK,10090,American Water Works Company Inc,1,1,1,1,0,1,0,0,1,1,0,0,1,0,1,1,1,0,1,0,0,,1,0,0,1
AWI,10089,Armstrong World Industries Inc,0,1,0,0,0,0,0,0,1,0,0,0,1,0,1,1,1,0,0,0,0,,0,0,0,1
AVY,10088,Avery Dennison Corp,0,1,1,1,0,1,1,1,1,0,1,0,1,0,1,0,1,0,0,0,1,,1,0,0,1
AVTR,10087,"Avantor, Inc.",1,1,0,0,0,0,0,0,0,1,1,0,1,0,1,1,1,0,0,0,0,,0,0,0,0
AVT,10086,Avnet Inc,0,1,0,1,0,1,1,0,1,1,1,0,1,1,1,1,1,0,1,0,0,,0,0,0,0
AVLR,10085,Avalara Inc,0,0,0,0,0,1,1,0,0,0,1,0,1,0,0,1,1,0,0,0,0,,0,0,0,0
AVGO,10084,Broadcom Ltd,1,1,0,0,1,1,0,0,1,1,1,0,1,1,1,1,1,0,0,0,0,,0,0,0,0
AVB,10083,AvalonBay Communities Inc,1,1,1,0,0,1,0,0,1,1,1,0,1,0,1,1,0,0,0,0,0,,1,1,0,1
ATVI,10082,"Activision Blizzard, Inc.",0,0,1,1,0,1,0,0,1,0,1,0,0,0,1,1,0,0,0,0,0,,0,0,0,0
ATUS,10081,Altice USA Inc,0,0,0,0,0,0,0,0,0,0,0,0,0,0,1,0,0,0,0,0,0,,0,0,0,0
ATR,10080,"AptarGroup, Inc.",0,1,1,0,0,1,0,1,1,1,1,0,1,1,1,1,1,0,1,0,,1,1,0,0,1
ATO,10079,Atmos Energy Corp,1,0,1,0,0,0,0,0,0,1,0,0,0,0,1,1,0,0,0,0,0,,0,1,0,1
ATH,10078,Athene Holding Ltd,0,0,1,1,0,1,0,1,0,1,1,1,0,0,0,1,0,0,0,1,0,,0,1,0,0
ASH,10077,Ashland Global Holdings Inc.,0,1,0,1,0,1,0,0,0,1,0,0,1,0,1,1,1,0,1,0,0,,0,0,0,1
ARW,10075,Arrow Electronics Inc,0,1,0,0,0,1,0,0,0,0,0,0,1,0,1,1,1,0,0,0,0,,0,0,0,0
ARMK,10074,Aramark Holdings,0,0,1,0,0,0,0,0,1,1,1,0,1,0,1,1,1,0,0,0,0,,0,0,0,1
ARES,10073,Ares Management Corporation,0,0,0,0,0,1,1,0,0,0,0,0,1,0,1,0,1,0,1,0,0,,0,0,0,0
APTV,10072,Aptiv PLC,1,1,0,1,0,1,0,1,1,1,0,1,1,0,1,1,0,1,1,0,1,,1,1,1,1
APO,10071,Apollo Global,0,0,1,0,0,0,0,0,0,0,0,0,0,0,1,1,1,0,0,1,0,,0,0,0,0
APH,10070,Amphenol Corp,0,1,0,0,0,1,0,0,1,0,0,1,1,0,1,1,1,0,1,0,1,,0,0,0,0
APD,10069,Air Products & Chemicals Inc,0,1,1,0,0,1,0,0,0,1,0,1,1,0,1,1,0,1,1,0,1,,1,1,0,1
APA,10068,Apache Corp,0,0,0,0,0,1,1,1,0,1,1,0,1,0,1,1,1,0,1,0,0,,0,1,0,0
AOS,10067,AO Smith Corp,0,1,0,0,0,0,0,0,0,0,0,1,1,0,1,0,1,0,0,0,0,,1,0,0,1
AON,10066,Aon PLC,0,1,1,1,0,1,1,0,0,1,0,1,1,0,1,1,1,0,0,0,1,,0,1,0,1
ANTM,10065,"Anthem, Inc",1,0,1,1,0,1,1,1,1,1,1,0,1,1,1,1,1,1,1,1,1,,1,1,0,1
ANSS,10064,ANSYS Inc,1,0,0,0,0,1,0,1,1,0,1,0,1,0,1,1,1,0,1,0,0,,0,0,0,0
ANET,10063,Arista Networks Inc,0,0,0,0,0,0,1,0,1,0,0,0,1,0,1,0,1,0,0,0,0,,0,0,1,0
AN,10061,AutoNation Inc,0,0,1,0,0,1,0,0,0,1,0,0,1,0,1,0,1,0,0,0,0,,0,1,0,0
AMZN,10060,"Amazon.com, Inc",1,0,1,1,1,1,0,1,1,1,1,1,0,0,1,1,1,0,0,0,1,,1,1,0,1
AMT,10058,American Tower Corp,1,1,1,1,0,0,0,0,1,0,0,0,1,0,1,1,1,0,0,0,1,,1,0,0,1
AMP,10057,Ameriprise Financial Inc,1,0,1,1,0,0,1,0,0,1,0,0,1,0,1,1,0,0,0,1,0,,0,1,0,0
AMH,10056,American Homes 4 Rent,1,0,0,0,0,1,1,1,1,1,1,0,1,0,1,1,1,0,1,0,0,,0,0,0,0
AMGN,10055,Amgen Inc,0,1,1,1,0,1,1,0,1,1,0,0,1,0,1,1,1,0,0,0,1,,1,1,0,1
AMG,10054,Affiliated Managers Group Inc,0,0,0,0,0,1,0,1,0,0,0,0,1,1,1,1,0,1,0,1,0,,0,0,0,1
AMED,10053,Amedisys Inc,0,0,0,0,0,0,0,0,0,1,0,0,1,1,1,0,1,0,0,0,0,,0,0,0,0
AME,10052,AMETEK Inc,0,1,0,0,0,1,0,0,1,0,0,0,1,0,1,1,0,0,0,0,0,,1,0,0,0
AMD,10051,"Advanced Micro Devices, Inc.",1,1,0,1,1,1,0,1,1,0,1,0,1,0,1,1,1,1,1,0,1,,1,0,0,1
AMCR,10050,Amcor,0,1,1,0,0,1,0,0,1,0,1,0,1,0,0,1,0,1,1,0,1,,0,0,1,1
AMAT,10049,Applied Materials Inc,1,1,1,1,0,1,0,0,1,1,1,1,1,1,1,1,1,0,1,0,1,,0,0,1,1
AM,10048,Antero Midstream Corporation,0,1,0,1,0,1,0,1,1,0,0,0,0,0,1,1,0,0,1,0,0,,0,0,0,1
ALSN,10046,Allison Transmission Holdings Inc,0,0,0,0,0,1,0,0,1,0,0,0,1,0,1,1,1,0,0,0,0,,0,0,0,0
ALLY,10044,Ally Financial Inc,0,0,1,1,0,0,1,0,0,1,0,1,1,0,1,0,0,0,1,0,0,,0,1,0,0
ALLE,10043,Allegion PLC,0,1,0,0,0,1,0,1,1,1,1,0,1,0,1,1,1,0,0,0,0,,0,0,0,0
ALL,10042,The Allstate Corporation,1,0,1,0,0,1,0,0,1,1,1,0,1,0,1,1,1,1,1,1,1,,1,1,0,0
ALK,10040,Alaska Air Group Inc,1,1,0,0,0,0,0,0,1,0,0,0,1,1,1,1,1,0,0,0,0,,1,1,0,1
ALGN,10039,Align Technology Inc,0,0,0,0,0,0,0,0,1,0,1,0,1,1,1,1,1,0,0,0,0,,0,0,0,0
ALB,10038,Albemarle Corp,0,1,1,0,0,1,0,0,1,1,1,1,1,1,1,1,1,0,1,0,1,,1,1,0,0
AL,10037,Air Lease Corp,1,0,0,0,0,0,0,0,0,0,0,0,1,0,1,0,0,0,0,0,0,,1,0,0,0
AKAM,10036,Akamai Technologies Inc,1,0,1,1,0,1,1,0,1,1,0,1,1,0,1,0,1,0,0,0,1,,0,0,1,0
AJG,10035,Arthur J. Gallagher & Co,0,0,0,1,0,1,0,0,0,1,0,0,1,0,1,0,1,0,1,0,0,,0,0,0,0
AIZ,10034,Assurant Inc,0,0,1,0,0,0,1,0,1,1,0,0,1,0,1,1,1,0,0,1,0,,1,0,0,1
AIG,10032,"American International Group, Inc.",1,0,0,1,0,0,1,0,0,1,0,0,1,0,1,0,0,0,0,1,0,,1,0,0,1
AGR,10031,Avangrid Inc,1,1,1,1,1,1,1,1,1,1,1,1,0,0,1,1,1,0,1,0,,1,1,1,0,1
AGO,10030,Assured Guaranty Ltd,0,0,0,0,0,1,0,0,0,0,0,0,1,0,1,1,1,1,0,1,1,,0,1,0,1
AGCO,10028,AGCO Corp,0,1,0,0,0,1,0,1,1,0,0,0,0,0,1,1,1,1,1,0,1,,1,1,0,1
AFL,10027,Aflac Incorporated,1,0,1,1,0,0,1,0,1,1,0,0,1,1,1,1,1,1,1,1,0,,1,1,0,1
AFG,10026,American Financial Group Inc,0,0,0,1,0,0,0,0,0,0,0,0,0,0,1,0,1,0,0,0,0,,0,0,0,0
AES,10025,AES Corp,0,1,1,0,1,1,0,0,1,0,0,1,1,1,1,1,1,0,1,0,1,,1,1,0,1
AEP,10024,"American Electric Power Company,",1,1,1,1,0,0,1,0,0,1,0,1,1,0,1,1,1,0,1,0,1,,1,1,0,1
AEE,10023,Ameren Corp,0,0,1,0,0,1,0,1,1,1,0,1,1,0,1,1,0,0,1,0,1,,0,1,0,1
ADT,10022,ADT Inc.,0,0,1,0,0,1,0,0,1,1,0,0,1,0,1,1,1,0,0,0,0,,0,0,0,0
ADSK,10021,Autodesk Inc,1,0,0,1,0,1,1,0,0,1,0,0,1,0,1,0,1,0,0,1,,1,0,0,0,1
ADS,10020,Alliance Data Systems Corp,0,0,0,0,0,0,0,0,1,1,0,0,1,0,1,1,0,0,0,0,1,,1,1,0,0
ADP,10019,Automatic Data Processing Inc,1,0,1,0,0,1,1,0,1,1,0,0,1,0,1,1,1,0,1,0,0,,1,0,0,0
ADM,10018,Archer-Daniels-Midland Company,0,1,1,0,1,1,0,0,1,1,1,0,1,1,1,1,1,0,1,0,1,,1,1,0,1
ADI,10017,Analog Devices Inc,1,1,0,1,0,1,1,1,1,0,1,1,1,0,1,1,1,0,1,0,1,,1,1,0,1
ADBE,10016,Adobe Inc,1,0,1,1,1,1,1,0,0,1,1,1,1,0,1,0,1,0,0,0,1,,1,1,1,1
ACN,10015,Accenture PLC,1,1,1,1,0,1,1,1,1,1,1,1,1,1,1,1,1,1,1,0,1,,1,1,1,1
ACM,10014,AECOM,0,1,1,1,0,1,0,0,1,1,1,0,1,0,1,1,0,0,0,0,0,,1,0,0,1
ACHC,10013,Acadia Healthcare Co Inc,0,0,0,0,0,0,0,0,0,0,0,0,1,0,1,1,0,0,0,0,0,,0,0,0,0
ACGL,10012,Arch Capital Group Ltd,0,0,0,1,0,1,1,0,1,1,1,0,1,0,1,1,1,0,0,1,0,,0,1,0,0
ACC,10011,American Campus Communities Inc,1,0,0,1,0,0,1,0,0,1,0,1,1,0,1,1,1,0,0,0,0,,0,0,0,0
ABT,10009,Abbott Laboratories,1,1,1,1,1,1,1,1,1,1,1,1,1,0,1,1,1,1,1,0,1,,1,1,0,1
ABMD,10008,Abiomed Inc,0,0,1,0,0,1,0,0,0,0,0,0,1,0,1,1,1,0,0,0,0,,0,0,0,0
ABC,10007,AmerisourceBergen Corp,1,1,1,1,0,1,1,1,1,1,1,0,0,0,1,1,1,0,1,1,1,,1,1,1,1
ABBV,10006,AbbVie Inc,1,1,1,1,0,1,1,0,1,1,1,1,1,0,1,1,1,0,0,0,0,,0,1,0,1
AXON,10005,"Axon Enterprise, Inc.",0,0,1,1,0,0,0,0,0,1,0,1,0,0,1,1,1,0,0,0,0,,0,0,0,0
AAPL,10004,Apple Inc,1,1,0,1,1,1,1,1,1,1,1,1,1,0,1,1,1,1,1,1,,1,1,1,0,1
AAP,10003,Advance Auto Parts Inc,0,1,1,0,0,1,0,1,1,0,0,0,1,0,1,1,1,0,0,0,0,,0,0,0,0
AAL,10002,American Airlines Group Inc,1,1,1,1,0,1,0,1,1,1,1,0,1,0,1,1,1,1,0,0,0,,0,0,0,1
A,10001,Agilent Technologies Inc,1,1,0,1,0,1,1,1,1,1,1,0,1,0,1,0,1,0,0,0,1,,1,1,0,1
LII,10490,Lennox International Inc,0,0,1,0,0,0,0,0,0,0,0,0,1,0,1,1,1,0,0,0,1,,,,,
FAF,10307,First American Financial Corp,1,0,0,0,0,0,1,0,0,1,0,0,1,0,1,1,1,0,0,1,0,,,,,
RJF,10703,Raymond James Financial Inc,0,0,1,1,0,1,0,0,1,1,0,1,1,0,1,1,0,1,0,0,0,,,,,
EXPD,10303,Expeditors International of Washington Inc,0,1,1,0,0,1,0,0,0,0,0,1,1,0,1,1,1,0,0,0,0,,,,,
CRL,10207,Charles River Laboratories International Inc,0,0,0,1,0,1,0,0,1,1,1,1,1,0,1,1,0,0,1,0,1,,,,,
NATI,10572,National Instruments Corporation,1,1,0,0,0,0,0,0,1,1,1,0,1,0,1,1,1,1,0,0,0,,,,,
NYCB,10609,New York Community Bancorp Inc,0,0,1,0,0,0,0,0,0,0,0,0,1,0,1,1,0,0,0,0,0,,,,,