__v,_id,carbonMultiplier,category,plaidCategoriesId,plaid_categories,subCategory
0,61e96acb12e95f10dcdcf127,0.239937,15,"Healthcare-Healthcare-Services-Hospitals,-Clinics-and-Medical-Centers",,null
0,61e6f74a116477528e095526,0,2,Bank-Fees-ATM,"[""Bank Fees"",""ATM"",""""]",2001
0,61e6f74a116477528e095528,0,2,Bank-Fees-Cash-Advance,"[""Bank Fees"",""Cash Advance"",""""]",2001
0,61e6f74a116477528e09552a,0,2,Bank-Fees-Excess-Activity,"[""Bank Fees"",""Excess Activity"",""""]",2001
0,61e6f74a116477528e09552c,0,2,Bank-Fees-Foreign-Transaction,"[""Bank Fees"",""Foreign Transaction"",""""]",2001
0,61e6f74a116477528e09552e,0,2,Bank-Fees-Fraud-Dispute,"[""Bank Fees"",""Fraud Dispute"",""""]",2001
0,61e6f74a116477528e095530,0,2,Bank-Fees-Insufficient-Funds,"[""Bank Fees"",""Insufficient Funds"",""""]",2001
0,61e6f74a116477528e095532,0,2,Bank-Fees-Late-Payment,"[""Bank Fees"",""Late Payment"",""""]",2001
0,61e6f74a116477528e095534,0,2,Bank-Fees-Overdraft,"[""Bank Fees"",""Overdraft"",""""]",2001
0,61e6f74a116477528e095536,0,2,Bank-Fees-Wire-Transfer,"[""Bank Fees"",""Wire Transfer"",""""]",2001
0,61e6f74a116477528e095538,0,2,Bank-Fees,"[""Bank Fees"","""",""""]",2001
0,61e6f74b116477528e095831,0,4,Service-Import-and-Export,"[""Service"",""Import and Export"",""""]",4014
0,61e6f74b116477528e0957b5,0.063074299,4,Service-Employment-Agencies,"[""Service"",""Employment Agencies"",""""]",4018
0,61e6f74b116477528e0957c7,0.064583385,2,Service-Financial-Stock-Brokers,"[""Service"",""Financial"",""Stock Brokers""]",2006
0,61e6f74b116477528e0957d9,0.064583385,2,Service-Financial-Business-Brokers-and-Franchises,"[""Service"",""Financial"",""Business Brokers and Franchises""]",2006
0,61e6f74b116477528e095836,0.064583385,2,Service-Insurance,"[""Service"",""Insurance"",""""]",2002
0,61e6f74a116477528e095549,0.0708894,4,Community-Cemetery,"[""Community"",""Cemetery"",""""]",4018
0,61e6f74b116477528e0957e9,0.0708894,4,Service-Funeral-Services,"[""Service"",""Funeral Services"",""""]",4018
0,61e6f74b116477528e0958c5,0.074350952,12,Service-Real-Estate-Apartments,"[""Service"",""Real Estate"",""Apartments""]",12
0,61e6f74b116477528e0958c7,0.074350952,12,Service-Real-Estate-Rent,"[""Service"",""Real Estate"",""Rent""]",12
0,61e6f74a116477528e09554c,0.090866332,4,Community-Courts,"[""Community"",""Courts"",""""]",4009
0,61e6f74b116477528e09583d,0.090866332,4,Service-Legal,"[""Service"",""Legal"",""""]",4009
0,61e6f74b116477528e0957c3,0.091366558,2,Service-Financial-Taxes,"[""Service"",""Financial"",""Taxes""]",2005
0,61e6f74b116477528e0957df,0.091366558,2,Service-Financial-Accounting-and-Bookkeeping,"[""Service"",""Financial"",""Accounting and Bookkeeping""]",2006
0,61e6f74b116477528e0959bf,0,null,Tax-Payment,"[""Tax"",""Payment"",""""]",null
0,61e6f74b116477528e0959c1,0,null,Tax-Refund,"[""Tax"",""Refund"",""""]",null
0,61e6f74b116477528e0959c3,0,null,Tax,"[""Tax"","""",""""]",null
0,61e6f74b116477528e0958cb,0.115304426,11,Service-Renewable-Energy,"[""Service"",""Renewable Energy"",""""]",11
0,61e6f74a116477528e095689,0,2,Interest-Interest-Charged,"[""Interest"",""Interest Charged"",""""]",2001
0,61e6f74a116477528e09568b,0,2,Interest-Interest-Earned,"[""Interest"",""Interest Earned"",""""]",2001
0,61e6f74a116477528e09568d,0,null,Interest,"[""Interest"","""",""""]",null
0,61e6f74a116477528e09568f,0,2,Payment-Credit-Card,"[""Payment"",""Credit Card"",""""]",2001
0,61e6f74a116477528e095691,0,2,Payment-Loan,"[""Payment"",""Loan"",""""]",2001
0,61e6f74a116477528e095694,0,11,Payment-Rent,"[""Payment"",""Rent"",""""]",11
0,61e6f74a116477528e095696,0,null,Payment,"[""Payment"","""",""""]",null
0,61e6f74b116477528e0957c0,0.115436325,2,Service-Financial,"[""Service"",""Financial"",""""]",2006
0,61e6f74b116477528e0957ca,0,2,Service-Financial-Loans-and-Mortgages,"[""Service"",""Financial"",""Loans and Mortgages""]",2004
0,61e6f74b116477528e0957cd,0.115436325,2,Service-Financial-Holding-and-Investment-Offices,"[""Service"",""Financial"",""Holding and Investment Offices""]",2003
0,61e6f74b116477528e0957cf,0.115436325,2,Service-Financial-Fund-Raising,"[""Service"",""Financial"",""Fund Raising""]",2006
0,61e6f74b116477528e0957d1,0.115436325,2,Service-Financial-Financial-Planning-and-Investments,"[""Service"",""Financial"",""Financial Planning and Investments""]",2003
0,61e6f74a116477528e09572f,0.11637542,13,Recreation-Stadiums-and-Arenas,"[""Recreation"",""Stadiums and Arenas"",""""]",2006
0,61e6f74a116477528e09553d,0.118008761,19,Community-Animal-Shelter,"[""Community"",""Animal Shelter"",""""]",19
0,61e6f74a116477528e095583,0.118008761,19,Community-Organizations-and-Associations,"[""Community"",""Organizations and Associations"",""""]",19
0,61e6f74a116477528e095585,0.118008761,19,Community-Organizations-and-Associations-Youth-Organizations,"[""Community"",""Organizations and Associations"",""Youth Organizations""]",19
0,61e6f74a116477528e095587,0.118008761,19,Community-Organizations-and-Associations-Environmental,"[""Community"",""Organizations and Associations"",""Environmental""]",19
0,61e6f74a116477528e095589,0.118008761,19,Community-Organizations-and-Associations-Charities-and-Non-Profits,"[""Community"",""Organizations and Associations"",""Charities and Non-Profits""]",19
0,61e6f74a116477528e09565d,0.124267815,8,Healthcare-Physicians,"[""Healthcare"",""Physicians"",""""]",8002
0,61e6f74a116477528e09565f,0.124267815,8,Healthcare-Physicians-Urologists,"[""Healthcare"",""Physicians"",""Urologists""]",8002
0,61e6f74a116477528e095661,0.124267815,8,Healthcare-Physicians-Respiratory,"[""Healthcare"",""Physicians"",""Respiratory""]",8002
0,61e6f74a116477528e095663,0.124267815,8,Healthcare-Physicians-Radiologists,"[""Healthcare"",""Physicians"",""Radiologists""]",8002
0,61e6f74a116477528e095665,0.124267815,8,Healthcare-Physicians-Psychiatrists,"[""Healthcare"",""Physicians"",""Psychiatrists""]",8002
0,61e6f74a116477528e095667,0.124267815,8,Healthcare-Physicians-Plastic-Surgeons,"[""Healthcare"",""Physicians"",""Plastic Surgeons""]",8002
0,61e6f74a116477528e095669,0.124267815,8,Healthcare-Physicians-Pediatricians,"[""Healthcare"",""Physicians"",""Pediatricians""]",8002
0,61e6f74a116477528e09566b,0.124267815,8,Healthcare-Physicians-Pathologists,"[""Healthcare"",""Physicians"",""Pathologists""]",8002
0,61e6f74a116477528e09566d,0.124267815,8,Healthcare-Physicians-Orthopedic-Surgeons,"[""Healthcare"",""Physicians"",""Orthopedic Surgeons""]",8002
0,61e6f74a116477528e09566f,0.124267815,8,Healthcare-Physicians-Ophthalmologists,"[""Healthcare"",""Physicians"",""Ophthalmologists""]",8002
0,61e6f74a116477528e095671,0.124267815,8,Healthcare-Physicians-Oncologists,"[""Healthcare"",""Physicians"",""Oncologists""]",8002
0,61e6f74a116477528e095673,0.124267815,8,Healthcare-Physicians-Obstetricians-and-Gynecologists,"[""Healthcare"",""Physicians"",""Obstetricians and Gynecologists""]",8002
0,61e6f74a116477528e095675,0.124267815,8,Healthcare-Physicians-Neurologists,"[""Healthcare"",""Physicians"",""Neurologists""]",8002
0,61e6f74a116477528e095677,0.124267815,8,Healthcare-Physicians-Internal-Medicine,"[""Healthcare"",""Physicians"",""Internal Medicine""]",8002
0,61e6f74a116477528e095679,0.124267815,8,Healthcare-Physicians-General-Surgery,"[""Healthcare"",""Physicians"",""General Surgery""]",8002
0,61e6f74a116477528e09567b,0.124267815,8,Healthcare-Physicians-Gastroenterologists,"[""Healthcare"",""Physicians"",""Gastroenterologists""]",8002
0,61e6f74a116477528e09567d,0.124267815,8,Healthcare-Physicians-Family-Medicine,"[""Healthcare"",""Physicians"",""Family Medicine""]",8002
0,61e6f74a116477528e09567f,0.124267815,8,Healthcare-Physicians-Ear,"[""Healthcare"",""Physicians"",""Ear""]",8002
0,61e6f74a116477528e095681,0.124267815,8,Healthcare-Physicians-Dermatologists,"[""Healthcare"",""Physicians"",""Dermatologists""]",8002
0,61e6f74a116477528e095683,0.124267815,8,Healthcare-Physicians-Cardiologists,"[""Healthcare"",""Physicians"",""Cardiologists""]",8002
0,61e6f74a116477528e095685,0.124267815,8,Healthcare-Physicians-Anesthesiologists,"[""Healthcare"",""Physicians"",""Anesthesiologists""]",8002
0,61e6f74b116477528e095844,0.126957016,4,Service-Management,"[""Service"",""Management"",""""]",4018
0,61e6f74b116477528e0958d5,0.132371301,4,Service-Security-and-Safety,"[""Service"",""Security and Safety"",""""]",4018
0,61e6f74b116477528e095794,0.134971071,4,Service-Computers,"[""Service"",""Computers"",""""]",4002
0,61e6f74b116477528e095796,0.134971071,4,Service-Computers-Maintenance-and-Repair,"[""Service"",""Computers"",""Maintenance and Repair""]",4002
0,61e6f74b116477528e095798,0.134971071,18,Service-Computers-Software-Development,"[""Service"",""Computers"",""Software Development""]",18001
0,61e6f74b116477528e09582c,0.137818035,4,Service-Human-Resources,"[""Service"",""Human Resources"",""""]",4018
0,61e6f74b116477528e09582e,0.137818035,4,Service-Immigration,"[""Service"",""Immigration"",""""]",4009
0,61e6f74a116477528e095650,0.140069502,8,Healthcare-Healthcare-Services-Dentists,"[""Healthcare"",""Healthcare Services"",""Dentists""]",8001
0,61e6f74b116477528e095763,0.144714695,4,Service-Art-Restoration,"[""Service"",""Art Restoration"",""""]",4018
0,61e6f74b116477528e095765,0.144714695,4,Service-Audiovisual,"[""Service"",""Audiovisual"",""""]",4006
0,61e6f74b116477528e095769,0.144714695,18,Service-Automation-and-Control-Systems,"[""Service"",""Automation and Control Systems"",""""]",18001
0,61e6f74b116477528e09578e,0.144714695,3,Service-Chemicals-and-Gasses,"[""Service"",""Chemicals and Gasses"",""""]",3001
0,61e6f74b116477528e095791,0.144714695,4,Service-Cleaning,"[""Service"",""Cleaning"",""""]",4005
0,61e6f74b116477528e0957b1,0.144714695,2,Service-Credit-Counseling-and-Bankruptcy-Services,"[""Service"",""Credit Counseling and Bankruptcy Services"",""""]",2006
0,61e6f74b116477528e0957b3,0.144714695,null,Service-Dating-and-Escort,"[""Service"",""Dating and Escort"",""""]",null
0,61e6f74b116477528e0957be,0.144714695,4,Service-Events-and-Event-Planning,"[""Service"",""Events and Event Planning"",""""]",4016
0,61e6f74b116477528e0957eb,0.144714695,4,Service-Geological,"[""Service"",""Geological"",""""]",4018
0,61e6f74b116477528e0957ef,0.144714695,10,Service-Home-Improvement,"[""Service"",""Home Improvement"",""""]",10004
0,61e6f74b116477528e0957f1,0.144714695,10,Service-Home-Improvement-Upholstery,"[""Service"",""Home Improvement"",""Upholstery""]",10004
0,61e6f74b116477528e0957f3,0.144714695,10,Service-Home-Improvement-Tree-Service,"[""Service"",""Home Improvement"",""Tree Service""]",10004
0,61e6f74b116477528e0957f5,0.144714695,10,Service-Home-Improvement-Swimming-Pool-Maintenance-and-Services,"[""Service"",""Home Improvement"",""Swimming Pool Maintenance and Services""]",10004
0,61e6f74b116477528e0957f7,0.144714695,10,Service-Home-Improvement-Storage,"[""Service"",""Home Improvement"",""Storage""]",10004
0,61e6f74b116477528e0957f9,0.144714695,10,Service-Home-Improvement-Roofers,"[""Service"",""Home Improvement"",""Roofers""]",10004
0,61e6f74b116477528e0957fb,0.144714695,10,Service-Home-Improvement-Pools-and-Spas,"[""Service"",""Home Improvement"",""Pools and Spas""]",10004
0,61e6f74b116477528e0957fd,0.144714695,10,Service-Home-Improvement-Plumbing,"[""Service"",""Home Improvement"",""Plumbing""]",10004
0,61e6f74b116477528e0957ff,0.144714695,10,Service-Home-Improvement-Pest-Control,"[""Service"",""Home Improvement"",""Pest Control""]",10004
0,61e6f74b116477528e095801,0.144714695,10,Service-Home-Improvement-Painting,"[""Service"",""Home Improvement"",""Painting""]",10004
0,61e6f74b116477528e095803,0.144714695,10,Service-Home-Improvement-Movers,"[""Service"",""Home Improvement"",""Movers""]",10004
0,61e6f74b116477528e095805,0.144714695,10,Service-Home-Improvement-Mobile-Homes,"[""Service"",""Home Improvement"",""Mobile Homes""]",10004
0,61e6f74b116477528e095807,0.144714695,10,Service-Home-Improvement-Lighting-Fixtures,"[""Service"",""Home Improvement"",""Lighting Fixtures""]",10004
0,61e6f74b116477528e09580a,0.144714695,4,Service-Home-Improvement-Landscaping-and-Gardeners,"[""Service"",""Home Improvement"",""Landscaping and Gardeners""]",4017
0,61e6f74b116477528e09580c,0.144714695,10,Service-Home-Improvement-Kitchens,"[""Service"",""Home Improvement"",""Kitchens""]",10004
0,61e6f74b116477528e09580e,0.144714695,10,Service-Home-Improvement-Interior-Design,"[""Service"",""Home Improvement"",""Interior Design""]",10004
0,61e6f74b116477528e095810,0.144714695,10,Service-Home-Improvement-Housewares,"[""Service"",""Home Improvement"",""Housewares""]",10004
0,61e6f74b116477528e095812,0.144714695,10,Service-Home-Improvement-Home-Inspection-Services,"[""Service"",""Home Improvement"",""Home Inspection Services""]",10004
0,61e6f74b116477528e095815,0.144714695,10,Service-Home-Improvement-Home-Appliances,"[""Service"",""Home Improvement"",""Home Appliances""]",10003
0,61e6f74b116477528e095817,0.144714695,10,Service-Home-Improvement-Heating,"[""Service"",""Home Improvement"",""Heating""]",10004
0,61e6f74b116477528e095819,0.144714695,10,Service-Home-Improvement-Hardware-and-Services,"[""Service"",""Home Improvement"",""Hardware and Services""]",10004
0,61e6f74b116477528e09581b,0.144714695,10,Service-Home-Improvement-Fences,"[""Service"",""Home Improvement"",""Fences""]",10004
0,61e6f74b116477528e09581d,0.144714695,10,Service-Home-Improvement-Electricians,"[""Service"",""Home Improvement"",""Electricians""]",10004
0,61e6f74b116477528e09581f,0.144714695,10,Service-Home-Improvement-Doors-and-Windows,"[""Service"",""Home Improvement"",""Doors and Windows""]",10004
0,61e6f74b116477528e095821,0.144714695,10,Service-Home-Improvement-Contractors,"[""Service"",""Home Improvement"",""Contractors""]",10004
0,61e6f74b116477528e095823,0.144714695,10,Service-Home-Improvement-Carpet-and-Flooring,"[""Service"",""Home Improvement"",""Carpet and Flooring""]",10004
0,61e6f74b116477528e095825,0.144714695,10,Service-Home-Improvement-Carpenters,"[""Service"",""Home Improvement"",""Carpenters""]",10004
0,61e6f74b116477528e09582a,0.144714695,4,Service-Household,"[""Service"",""Household"",""""]",4005
0,61e6f74b116477528e095838,0.144714695,18,Service-Internet-Services,"[""Service"",""Internet Services"",""""]",18003
0,61e6f74b116477528e0958e0,0.144714695,4,Service-Tailors,"[""Service"",""Tailors"",""""]",4018
0,61e6f74b116477528e0958fd,0.144714695,4,Service-Web-Design-and-Development,"[""Service"",""Web Design and Development"",""""]",4006
0,61e6f74b116477528e0958ff,0.144714695,3,Service-Welding,"[""Service"",""Welding"",""""]",3005
0,61e6f74b116477528e095901,0.144714695,4,Service,"[""Service"","""",""""]",4018
0,61e6f74b116477528e095761,0.144870802,4,Service-Art-and-Graphic-Design,"[""Service"",""Art and Graphic Design"",""""]",4006
0,61e6f74a116477528e09569b,0.146812014,13,Recreation-Arts-and-Entertainment-Theatrical-Productions,"[""Recreation"",""Arts and Entertainment"",""Theatrical Productions""]",2006
0,61e6f74a116477528e09569d,0.146812014,13,Recreation-Arts-and-Entertainment-Symphony-and-Opera,"[""Recreation"",""Arts and Entertainment"",""Symphony and Opera""]",2006
0,61e6f74b116477528e0958d9,0.152241024,18,Service-Software-Development,"[""Service"",""Software Development"",""""]",18001
0,61e6f74b116477528e095878,0.153435581,4,Service-Media-Production,"[""Service"",""Media Production"",""""]",4006
0,61e6f74b116477528e0958eb,0.158772539,1,Service-Travel-Agents-and-Tour-Operators,"[""Service"",""Travel Agents and Tour Operators"",""""]",1005
0,61e6f74a116477528e09564a,0.170449396,8,Healthcare-Healthcare-Services-Medical-Supplies-and-Labs,"[""Healthcare"",""Healthcare Services"",""Medical Supplies and Labs""]",8001
0,61e6f74b116477528e0957b7,0.170719656,4,Service-Engineering,"[""Service"",""Engineering"",""""]",4018
0,61e6f74b116477528e095828,0.170719656,4,Service-Home-Improvement-Architects,"[""Service"",""Home Improvement"",""Architects""]",4008
0,61e6f74b116477528e095782,0.171354552,4,Service-Business-and-Strategy-Consulting,"[""Service"",""Business and Strategy Consulting"",""""]",4011
0,61e6f74b116477528e095784,0.171354552,4,Service-Business-Services,"[""Service"",""Business Services"",""""]",4011
0,61e6f74b116477528e095787,0.171354552,13,Service-Business-Services-Printing-and-Publishing,"[""Service"",""Business Services"",""Printing and Publishing""]",13003
0,61e6f74a116477528e09563a,0.172708874,8,Healthcare-Healthcare-Services-Psychologists,"[""Healthcare"",""Healthcare Services"",""Psychologists""]",8001
0,61e6f74a116477528e09563c,0.172708874,8,Healthcare-Healthcare-Services-Pregnancy-and-Sexual-Health,"[""Healthcare"",""Healthcare Services"",""Pregnancy and Sexual Health""]",8001
0,61e6f74a116477528e09563e,0.172708874,8,Healthcare-Healthcare-Services-Podiatrists,"[""Healthcare"",""Healthcare Services"",""Podiatrists""]",8001
0,61e6f74a116477528e095640,0.172708874,8,Healthcare-Healthcare-Services-Physical-Therapy,"[""Healthcare"",""Healthcare Services"",""Physical Therapy""]",8001
0,61e6f74a116477528e095642,0.172708874,8,Healthcare-Healthcare-Services-Optometrists,"[""Healthcare"",""Healthcare Services"",""Optometrists""]",8001
0,61e6f74a116477528e095644,0.172708874,8,Healthcare-Healthcare-Services-Nutritionists,"[""Healthcare"",""Healthcare Services"",""Nutritionists""]",8001
0,61e6f74a116477528e095646,0.172708874,8,Healthcare-Healthcare-Services-Nurses,"[""Healthcare"",""Healthcare Services"",""Nurses""]",8001
0,61e6f74a116477528e095648,0.172708874,8,Healthcare-Healthcare-Services-Mental-Health,"[""Healthcare"",""Healthcare Services"",""Mental Health""]",8001
0,61e6f74b116477528e0958cd,0.174815539,4,Service-Repair-Services,"[""Service"",""Repair Services"",""""]",4003
0,61e6f74b116477528e09584d,0.179404377,3,Service-Manufacturing-Computers-and-Office-Machines,"[""Service"",""Manufacturing"",""Computers and Office Machines""]",3015
0,61e6f74a116477528e095556,0.182008704,21,Community-Education,"[""Community"",""Education"",""""]",21
0,61e6f74a116477528e095558,0.182008704,21,Community-Education-Vocational-Schools,"[""Community"",""Education"",""Vocational Schools""]",21
0,61e6f74a116477528e09555a,0.182008704,21,Community-Education-Tutoring-and-Educational-Services,"[""Community"",""Education"",""Tutoring and Educational Services""]",21
0,61e6f74a116477528e09555e,0.182008704,21,Community-Education-Fraternities-and-Sororities,"[""Community"",""Education"",""Fraternities and Sororities""]",21
0,61e6f74a116477528e095560,0.182008704,21,Community-Education-Driving-Schools,"[""Community"",""Education"",""Driving Schools""]",21
0,61e6f74a116477528e095562,0.182008704,21,Community-Education-Dance-Schools,"[""Community"",""Education"",""Dance Schools""]",21
0,61e6f74a116477528e095564,0.182008704,21,Community-Education-Culinary-Lessons-and-Schools,"[""Community"",""Education"",""Culinary Lessons and Schools""]",21
0,61e6f74a116477528e095566,0.182008704,21,Community-Education-Computer-Training,"[""Community"",""Education"",""Computer Training""]",21
0,61e6f74a116477528e09556a,0.182008704,21,Community-Education-Art-School,"[""Community"",""Education"",""Art School""]",21
0,61e6f74a116477528e09556c,0.182008704,21,Community-Education-Adult-Education,"[""Community"",""Education"",""Adult Education""]",21
0,61e6f74b116477528e0958ab,0.19079755,4,Service-Photography,"[""Service"",""Photography"",""""]",4012
0,61e6f74a116477528e09558d,0.192135304,19,Community-Public-and-Social-Services,"[""Community"",""Public and Social Services"",""""]",19
0,61e6f74a116477528e09555c,0.192282302,21,Community-Education-Primary-and-Secondary-Schools,"[""Community"",""Education"",""Primary and Secondary Schools""]",21
0,61e6f74a116477528e09557f,0.19344165,20,Community-Libraries,"[""Community"",""Libraries"",""""]",20001
0,61e6f74b116477528e095884,0.19344165,3,Service-News-Reporting,"[""Service"",""News Reporting"",""""]",3008
0,61e6f74b116477528e095890,0.196067972,15,Service-Personal-Care,"[""Service"",""Personal Care"",""""]",9001
0,61e6f74b116477528e095892,0.196067972,15,Service-Personal-Care-Tattooing,"[""Service"",""Personal Care"",""Tattooing""]",9001
0,61e6f74b116477528e095894,0.196067972,15,Service-Personal-Care-Tanning-Salons,"[""Service"",""Personal Care"",""Tanning Salons""]",9001
0,61e6f74b116477528e095896,0.196067972,15,Service-Personal-Care-Spas,"[""Service"",""Personal Care"",""Spas""]",9001
0,61e6f74b116477528e095899,0.196067972,15,Service-Personal-Care-Skin-Care,"[""Service"",""Personal Care"",""Skin Care""]",15003
0,61e6f74b116477528e09589b,0.196067972,15,Service-Personal-Care-Piercing,"[""Service"",""Personal Care"",""Piercing""]",9001
0,61e6f74b116477528e09589d,0.196067972,15,Service-Personal-Care-Massage-Clinics-and-Therapists,"[""Service"",""Personal Care"",""Massage Clinics and Therapists""]",9001
0,61e6f74b116477528e09589f,0.196067972,15,Service-Personal-Care-Manicures-and-Pedicures,"[""Service"",""Personal Care"",""Manicures and Pedicures""]",9001
0,61e6f74b116477528e0958a3,0.196067972,15,Service-Personal-Care-Hair-Salons-and-Barbers,"[""Service"",""Personal Care"",""Hair Salons and Barbers""]",9001
0,61e6f74b116477528e0958a5,0.196067972,15,Service-Personal-Care-Hair-Removal,"[""Service"",""Personal Care"",""Hair Removal""]",9001
0,61e6f74b116477528e0958f9,0.19748747,4,Service-Veterinarians,"[""Service"",""Veterinarians"",""""]",4018
0,61e6f74b116477528e09578a,0.199236773,18,Service-Cable,"[""Service"",""Cable"",""""]",18003
0,61e6f74b116477528e0958de,0.199236773,13,Service-Subscription,"[""Service"",""Subscription"",""""]",13001
0,61e6f74a116477528e09573e,0.201990967,4,Service-Advertising-and-Marketing,"[""Service"",""Advertising and Marketing"",""""]",4007
0,61e6f74a116477528e095740,0.201990967,4,Service-Advertising-and-Marketing-Writing,"[""Service"",""Advertising and Marketing"",""Writing""]",4007
0,61e6f74a116477528e095742,0.201990967,4,Service-Advertising-and-Marketing-Search-Engine-Marketing-and-Optimization,"[""Service"",""Advertising and Marketing"",""Search Engine Marketing and Optimization""]",4007
0,61e6f74a116477528e095745,0.201990967,4,Service-Advertising-and-Marketing-Public-Relations,"[""Service"",""Advertising and Marketing"",""Public Relations""]",4010
0,61e6f74a116477528e095747,0.201990967,4,Service-Advertising-and-Marketing-Promotional-Items,"[""Service"",""Advertising and Marketing"",""Promotional Items""]",4007
0,61e6f74a116477528e095749,0.201990967,4,Service-Advertising-and-Marketing-Print,"[""Service"",""Advertising and Marketing"",""Print""]",4007
0,61e6f74a116477528e09574b,0.201990967,4,Service-Advertising-and-Marketing-Online-Advertising,"[""Service"",""Advertising and Marketing"",""Online Advertising""]",4007
0,61e6f74a116477528e09574d,0.201990967,4,Service-Advertising-and-Marketing-Market-Research-and-Consulting,"[""Service"",""Advertising and Marketing"",""Market Research and Consulting""]",4007
0,61e6f74a116477528e09574f,0.201990967,4,Service-Advertising-and-Marketing-Direct-Mail-and-Email-Marketing-Services,"[""Service"",""Advertising and Marketing"",""Direct Mail and Email Marketing Services""]",4007
0,61e6f74a116477528e095752,0.201990967,4,Service-Advertising-and-Marketing-Creative-Services,"[""Service"",""Advertising and Marketing"",""Creative Services""]",4006
0,61e6f74a116477528e095754,0.201990967,4,Service-Advertising-and-Marketing-Advertising-Agencies-and-Media-Buyers,"[""Service"",""Advertising and Marketing"",""Advertising Agencies and Media Buyers""]",4007
0,61e6f74b116477528e095948,0.20720946,4,Shops-Construction-Supplies,"[""Shops"",""Construction Supplies"",""""]",4003
0,61e6f74b116477528e095975,0.20720946,10,Shops-Hardware-Store,"[""Shops"",""Hardware Store"",""""]",10002
0,61e6f74b116477528e095979,0.20720946,16,Shops-Industrial-Supplies,"[""Shops"",""Industrial Supplies"",""""]",16008
0,61e6f74b116477528e09597e,0.20720946,10,Shops-Lawn-and-Garden,"[""Shops"",""Lawn and Garden"",""""]",10005
0,61e6f74b116477528e0958e2,0.208738806,18,Service-Telecommunication-Services,"[""Service"",""Telecommunication Services"",""""]",18003
0,61e6f74b116477528e09576d,0.213855635,16,Service-Automotive,"[""Service"",""Automotive"",""""]",16006
0,61e6f74b116477528e09576f,0.213855635,16,Service-Automotive-Towing,"[""Service"",""Automotive"",""Towing""]",16006
0,61e6f74b116477528e095771,0.213855635,16,Service-Automotive-Motorcycle,"[""Service"",""Automotive"",""Motorcycle""]",16006
0,61e6f74b116477528e095773,0.213855635,16,Service-Automotive-Maintenance-and-Repair,"[""Service"",""Automotive"",""Maintenance and Repair""]",16006
0,61e6f74b116477528e095775,0.213855635,16,Service-Automotive-Car-Wash-and-Detail,"[""Service"",""Automotive"",""Car Wash and Detail""]",16006
0,61e6f74b116477528e095777,0.213855635,16,Service-Automotive-Car-Appraisers,"[""Service"",""Automotive"",""Car Appraisers""]",16006
0,61e6f74b116477528e095779,0.213855635,16,Service-Automotive-Auto-Transmission,"[""Service"",""Automotive"",""Auto Transmission""]",16006
0,61e6f74b116477528e09577b,0.213855635,16,Service-Automotive-Auto-Tires,"[""Service"",""Automotive"",""Auto Tires""]",16006
0,61e6f74b116477528e09577d,0.213855635,16,Service-Automotive-Auto-Smog-Check,"[""Service"",""Automotive"",""Auto Smog Check""]",16006
0,61e6f74b116477528e09577f,0.213855635,16,Service-Automotive-Auto-Oil-and-Lube,"[""Service"",""Automotive"",""Auto Oil and Lube""]",16006
0,61e6f74b116477528e095842,0.213855635,3,Service-Machine-Shops,"[""Service"",""Machine Shops"",""""]",3003
0,61e6f74a116477528e095551,0.213911412,4,Community-Disabled-Persons-Services,"[""Community"",""Disabled Persons Services"",""""]",4018
0,61e6f74a116477528e095599,0.213911412,4,Community-Senior-Citizen-Services,"[""Community"",""Senior Citizen Services"",""""]",4018
0,61e6f74a116477528e09559b,0.213911412,4,Community-Senior-Citizen-Services-Retirement,"[""Community"",""Senior Citizen Services"",""Retirement""]",4018
0,61e6f74a116477528e09559d,0.213911412,19,Community,"[""Community"","""",""""]",19
0,61e6f74b116477528e0957bb,0.218492941,13,Service-Entertainment-Media,"[""Service"",""Entertainment"",""Media""]",2006
0,61e6f74b116477528e09590b,0.220034113,16,Shops-Automotive-Used-Car-Dealers,"[""Shops"",""Automotive"",""Used Car Dealers""]",16006
0,61e6f74b116477528e09590d,0.220034113,16,Shops-Automotive-Salvage-Yards,"[""Shops"",""Automotive"",""Salvage Yards""]",16006
0,61e6f74b116477528e09590f,0.220034113,16,Shops-Automotive-RVs-and-Motor-Homes,"[""Shops"",""Automotive"",""RVs and Motor Homes""]",16006
0,61e6f74b116477528e095911,0.220034113,16,Shops-Automotive-Motorcycles,"[""Shops"",""Automotive"",""Motorcycles""]",16006
0,61e6f74b116477528e095913,0.220034113,16,Shops-Automotive-Classic-and-Antique-Car,"[""Shops"",""Automotive"",""Classic and Antique Car""]",16006
0,61e6f74b116477528e095915,0.220034113,16,Shops-Automotive-Car-Parts-and-Accessories,"[""Shops"",""Automotive"",""Car Parts and Accessories""]",16006
0,61e6f74b116477528e095917,0.220034113,16,Shops-Automotive-Car-Dealers-and-Leasing,"[""Shops"",""Automotive"",""Car Dealers and Leasing""]",16006
0,61e6f74b116477528e09591a,0.222115002,15,Shops-Beauty-Products,"[""Shops"",""Beauty Products"",""""]",15002
0,61e6f74b116477528e0959a6,0.222115002,16,Shops-Pharmacies,"[""Shops"",""Pharmacies"",""""]",16001
0,61e6f74a116477528e09553a,0.223227192,2,Cash-Advance,"[""Cash Advance"","""",""""]",2001
0,61e6f74b116477528e0957c5,0.223227192,2,Service-Financial-Student-Aid-and-Grants,"[""Service"",""Financial"",""Student Aid and Grants""]",2006
0,61e6f74b116477528e0957d3,0.223227192,2,Service-Financial-Credit-Reporting,"[""Service"",""Financial"",""Credit Reporting""]",2004
0,61e6f74b116477528e0957d5,0.223227192,2,Service-Financial-Collections,"[""Service"",""Financial"",""Collections""]",2006
0,61e6f74b116477528e0957d7,0.223227192,2,Service-Financial-Check-Cashing,"[""Service"",""Financial"",""Check Cashing""]",2006
0,61e6f74b116477528e0957db,0.223227192,2,Service-Financial-Banking-and-Finance,"[""Service"",""Financial"",""Banking and Finance""]",2001
0,61e6f74b116477528e0957dd,0.223227192,2,Service-Financial-ATMs,"[""Service"",""Financial"",""ATMs""]",2001
0,61e6f74b116477528e0959c5,0,2,Transfer-ACH,"[""Transfer"",""ACH"",""""]",2001
0,61e6f74b116477528e0959c7,0,2,Transfer-Billpay,"[""Transfer"",""Billpay"",""""]",2001
0,61e6f74b116477528e0959c9,0,2,Transfer-Check,"[""Transfer"",""Check"",""""]",2001
0,61e6f74b116477528e0959cb,0,null,Transfer-Credit,"[""Transfer"",""Credit"",""""]",null
0,61e6f74b116477528e0959cd,0,2,Transfer-Debit,"[""Transfer"",""Debit"",""""]",2001
0,61e6f74b116477528e0959cf,0,2,Transfer-Deposit,"[""Transfer"",""Deposit"",""""]",2001
0,61e6f74b116477528e0959d1,0,2,Transfer-Deposit-Check,"[""Transfer"",""Deposit"",""Check""]",2001
0,61e6f74b116477528e0959d3,0,2,Transfer-Deposit-ATM,"[""Transfer"",""Deposit"",""ATM""]",2001
0,61e6f74b116477528e0959d5,0,2,Transfer-Internal-Account-Transfer,"[""Transfer"",""Internal Account Transfer"",""""]",2001
0,61e6f74b116477528e0959d7,0,null,Transfer-Keep-the-Change-Savings-Program,"[""Transfer"",""Keep the Change Savings Program"",""""]",null
0,61e6f74b116477528e0959d9,0,null,Transfer-Payroll,"[""Transfer"",""Payroll"",""""]",null
0,61e6f74b116477528e0959db,0,null,Transfer-Payroll-Benefits,"[""Transfer"",""Payroll"",""Benefits""]",null
0,61e6f74b116477528e0959dd,0,null,Transfer-Save-As-You-Go,"[""Transfer"",""Save As You Go"",""""]",null
0,61e6f74b116477528e0959df,0,null,Transfer-Third-Party,"[""Transfer"",""Third Party"",""""]",null
0,61e6f74b116477528e0959e1,0,null,Transfer-Third-Party-Venmo,"[""Transfer"",""Third Party"",""Venmo""]",null
0,61e6f74b116477528e0959e3,0,null,Transfer-Third-Party-Square-Cash,"[""Transfer"",""Third Party"",""Square Cash""]",null
0,61e6f74b116477528e0959e5,0,null,Transfer-Third-Party-Square,"[""Transfer"",""Third Party"",""Square""]",null
0,61e6f74b116477528e0959e7,0,null,Transfer-Third-Party-PayPal,"[""Transfer"",""Third Party"",""PayPal""]",null
0,61e6f74b116477528e0959e9,0,null,Transfer-Third-Party-Dwolla,"[""Transfer"",""Third Party"",""Dwolla""]",null
0,61e6f74b116477528e0959eb,0,null,Transfer-Third-Party-Coinbase,"[""Transfer"",""Third Party"",""Coinbase""]",null
0,61e6f74b116477528e0959ed,0,null,Transfer-Third-Party-Chase-QuickPay,"[""Transfer"",""Third Party"",""Chase QuickPay""]",null
0,61e6f74b116477528e0959ef,0,null,Transfer-Third-Party-Acorns,"[""Transfer"",""Third Party"",""Acorns""]",null
0,61e6f74b116477528e0959f1,0,null,Transfer-Third-Party-Digit,"[""Transfer"",""Third Party"",""Digit""]",null
0,61e6f74b116477528e0959f3,0,null,Transfer-Third-Party-Betterment,"[""Transfer"",""Third Party"",""Betterment""]",null
0,61e6f74b116477528e0959f5,0,null,Transfer-Third-Party-Plaid,"[""Transfer"",""Third Party"",""Plaid""]",null
0,61e6f74b116477528e0959f7,0,2,Transfer-Wire,"[""Transfer"",""Wire"",""""]",2001
0,61e6f74b116477528e0959f9,0,2,Transfer-Withdrawal,"[""Transfer"",""Withdrawal"",""""]",2001
0,61e6f74b116477528e0959fb,0,2,Transfer-Withdrawal-Check,"[""Transfer"",""Withdrawal"",""Check""]",2001
0,61e6f74b116477528e0959fd,0,2,Transfer-Withdrawal-ATM,"[""Transfer"",""Withdrawal"",""ATM""]",2001
0,61e6f74b116477528e0959ff,0,null,Transfer,"[""Transfer"","""",""""]",null
0,61e6f74a116477528e095581,0.229327582,null,Community-Military,"[""Community"",""Military"",""""]",null
0,61e6f74b116477528e0958a1,0.230547318,4,Service-Personal-Care-Laundry-and-Garment-Services,"[""Service"",""Personal Care"",""Laundry and Garment Services""]",4018
0,61e6f74a116477528e095541,0.230616398,8,Community-Assisted-Living-Services,"[""Community"",""Assisted Living Services"",""""]",8001
0,61e6f74a116477528e095543,0.230616398,8,Community-Assisted-Living-Services-Facilities-and-Nursing-Homes,"[""Community"",""Assisted Living Services"",""Facilities and Nursing Homes""]",8001
0,61e6f74a116477528e095545,0.230616398,8,Community-Assisted-Living-Services-Caretakers,"[""Community"",""Assisted Living Services"",""Caretakers""]",8001
0,61e6f74a116477528e0956bd,0.231391149,13,Recreation-Arts-and-Entertainment-Arcades-and-Amusement-Parks,"[""Recreation"",""Arts and Entertainment"",""Arcades and Amusement Parks""]",2006
0,61e6f74a116477528e095638,0.23154784,8,Healthcare-Healthcare-Services,"[""Healthcare"",""Healthcare Services"",""""]",8001
0,61e6f74a116477528e09564e,0.23154784,8,Healthcare-Healthcare-Services-Emergency-Services,"[""Healthcare"",""Healthcare Services"",""Emergency Services""]",8001
0,61e6f74a116477528e095652,0.23154784,8,Healthcare-Healthcare-Services-Counseling-and-Therapy,"[""Healthcare"",""Healthcare Services"",""Counseling and Therapy""]",8001
0,61e6f74a116477528e095654,0.23154784,8,Healthcare-Healthcare-Services-Chiropractors,"[""Healthcare"",""Healthcare Services"",""Chiropractors""]",8001
0,61e6f74a116477528e095656,0.23154784,8,Healthcare-Healthcare-Services-Blood-Banks-and-Centers,"[""Healthcare"",""Healthcare Services"",""Blood Banks and Centers""]",8001
0,61e6f74a116477528e095658,0.23154784,8,Healthcare-Healthcare-Services-Alternative-Medicine,"[""Healthcare"",""Healthcare Services"",""Alternative Medicine""]",8001
0,61e6f74a116477528e09565a,0.23154784,8,Healthcare-Healthcare-Services-Acupuncture,"[""Healthcare"",""Healthcare Services"",""Acupuncture""]",8001
0,61e6f74a116477528e095687,0.23154784,8,Healthcare,"[""Healthcare"","""",""""]",8001
0,61e6f74a116477528e0955a1,0.234246093,17,Food-and-Drink-Bar,"[""Food and Drink"",""Bar"",""""]",17002
0,61e6f74a116477528e0955a3,0.234246093,17,Food-and-Drink-Bar-Wine-Bar,"[""Food and Drink"",""Bar"",""Wine Bar""]",17002
0,61e6f74a116477528e0955a5,0.234246093,17,Food-and-Drink-Bar-Sports-Bar,"[""Food and Drink"",""Bar"",""Sports Bar""]",17002
0,61e6f74a116477528e0955a7,0.234246093,17,Food-and-Drink-Bar-Hotel-Lounge,"[""Food and Drink"",""Bar"",""Hotel Lounge""]",17002
0,61e6f74a116477528e0955a9,0.234246093,17,Food-and-Drink-Breweries,"[""Food and Drink"",""Breweries"",""""]",17002
0,61e6f74a116477528e0955ac,0.234246093,17,Food-and-Drink-Internet-Cafes,"[""Food and Drink"",""Internet Cafes"",""""]",17004
0,61e6f74a116477528e0955bd,0.234246093,17,Food-and-Drink-Restaurants,"[""Food and Drink"",""Restaurants"",""""]",17001
0,61e6f74a116477528e0955bf,0.234246093,17,Food-and-Drink-Restaurants-Winery,"[""Food and Drink"",""Restaurants"",""Winery""]",17002
0,61e6f74a116477528e0955d5,0.234246093,17,Food-and-Drink-Restaurants-Pizza,"[""Food and Drink"",""Restaurants"",""Pizza""]",17001
0,61e6f74a116477528e0955e3,0.234246093,17,Food-and-Drink-Restaurants-Juice-Bar,"[""Food and Drink"",""Restaurants"",""Juice Bar""]",17001
0,61e6f74a116477528e0955f7,0.234246093,17,Food-and-Drink-Restaurants-Food-Truck,"[""Food and Drink"",""Restaurants"",""Food Truck""]",17001
0,61e6f74a116477528e0955f9,0.234246093,17,Food-and-Drink-Restaurants-Fish-and-Chips,"[""Food and Drink"",""Restaurants"",""Fish and Chips""]",17001
0,61e6f74a116477528e095600,0.234246093,17,Food-and-Drink-Restaurants-Falafel,"[""Food and Drink"",""Restaurants"",""Falafel""]",17001
0,61e6f74a116477528e095604,0.234246093,17,Food-and-Drink-Restaurants-Eastern-European,"[""Food and Drink"",""Restaurants"",""Eastern European""]",17001
0,61e6f74a116477528e095606,0.234246093,17,Food-and-Drink-Restaurants-Donuts,"[""Food and Drink"",""Restaurants"",""Donuts""]",17004
0,61e6f74a116477528e095608,0.234246093,17,Food-and-Drink-Restaurants-Distillery,"[""Food and Drink"",""Restaurants"",""Distillery""]",17002
0,61e6f74a116477528e09560a,0.234246093,17,Food-and-Drink-Restaurants-Diners,"[""Food and Drink"",""Restaurants"",""Diners""]",17001
0,61e6f74a116477528e09560c,0.234246093,17,Food-and-Drink-Restaurants-Dessert,"[""Food and Drink"",""Restaurants"",""Dessert""]",17004
0,61e6f74a116477528e09560e,0.234246093,17,Food-and-Drink-Restaurants-Delis,"[""Food and Drink"",""Restaurants"",""Delis""]",17001
0,61e6f74a116477528e095610,0.234246093,17,Food-and-Drink-Restaurants-Cupcake-Shop,"[""Food and Drink"",""Restaurants"",""Cupcake Shop""]",17004
0,61e6f74a116477528e095612,0.234246093,17,Food-and-Drink-Restaurants-Cuban,"[""Food and Drink"",""Restaurants"",""Cuban""]",17001
0,61e6f74a116477528e095614,0.234246093,17,Food-and-Drink-Restaurants-Coffee-Shop,"[""Food and Drink"",""Restaurants"",""Coffee Shop""]",17004
0,61e6f74a116477528e09561c,0.234246093,17,Food-and-Drink-Restaurants-Cafe,"[""Food and Drink"",""Restaurants"",""Cafe""]",17004
0,61e6f74a116477528e09561e,0.234246093,17,Food-and-Drink-Restaurants-Burrito,"[""Food and Drink"",""Restaurants"",""Burrito""]",17001
0,61e6f74a116477528e095620,0.234246093,17,Food-and-Drink-Restaurants-Burgers,"[""Food and Drink"",""Restaurants"",""Burgers""]",17003
0,61e6f74a116477528e095622,0.234246093,17,Food-and-Drink-Restaurants-Breakfast-Spot,"[""Food and Drink"",""Restaurants"",""Breakfast Spot""]",17004
0,61e6f74a116477528e095626,0.234246093,17,Food-and-Drink-Restaurants-Barbecue,"[""Food and Drink"",""Restaurants"",""Barbecue""]",17001
0,61e6f74a116477528e095628,0.234246093,17,Food-and-Drink-Restaurants-Bakery,"[""Food and Drink"",""Restaurants"",""Bakery""]",17004
0,61e6f74a116477528e09562a,0.234246093,17,Food-and-Drink-Restaurants-Bagel-Shop,"[""Food and Drink"",""Restaurants"",""Bagel Shop""]",17004
0,61e6f74a116477528e095636,0.234246093,17,Food-and-Drink,"[""Food and Drink"","""",""""]",17004
0,61e6f74b116477528e0957e1,0.234246093,17,Service-Food-and-Beverage,"[""Service"",""Food and Beverage"",""""]",17001
0,61e6f74b116477528e0957e4,0.234246093,16,Service-Food-and-Beverage-Distribution,"[""Service"",""Food and Beverage"",""Distribution""]",16009
0,61e6f74b116477528e0957e7,0.234246093,4,Service-Food-and-Beverage-Catering,"[""Service"",""Food and Beverage"",""Catering""]",4013
0,61e6f74a116477528e09564c,0.239937475,8,Healthcare-Healthcare-Services-Hospitals,"[""Healthcare"",""Healthcare Services"",""Hospitals""]",8001
0,61e6f74a116477528e09558b,0.240242572,20,Community-Post-Offices,"[""Community"",""Post Offices"",""""]",20001
0,61e6f74b116477528e095a0b,0.242404159,1,Travel-Car-and-Truck-Rentals,"[""Travel"",""Car and Truck Rentals"",""""]",1003
0,61e6f74b116477528e095872,0.248711352,7,Service-Manufacturing-Tobacco,"[""Service"",""Manufacturing"",""Tobacco""]",7
0,61e6f74b116477528e095903,0.2506722,16,Shops-Adult,"[""Shops"",""Adult"",""""]",2006
0,61e6f74b116477528e095905,0.2506722,16,Shops-Antiques,"[""Shops"",""Antiques"",""""]",16008
0,61e6f74b116477528e095907,0.2506722,16,Shops-Arts-and-Crafts,"[""Shops"",""Arts and Crafts"",""""]",16008
0,61e6f74b116477528e095909,0.2506722,16,Shops-Auctions,"[""Shops"",""Auctions"",""""]",16008
0,61e6f74b116477528e09591c,0.2506722,16,Shops-Bicycles,"[""Shops"",""Bicycles"",""""]",9003
0,61e6f74b116477528e09591e,0.2506722,9,Shops-Boat-Dealers,"[""Shops"",""Boat Dealers"",""""]",9003
0,61e6f74b116477528e095920,0.2506722,16,Shops-Bookstores,"[""Shops"",""Bookstores"",""""]",16008
0,61e6f74b116477528e095923,0.2506722,16,Shops-Cards-and-Stationery,"[""Shops"",""Cards and Stationery"",""""]",16010
0,61e6f74b116477528e095926,0.2506722,16,Shops-Children,"[""Shops"",""Children"",""""]",16011
0,61e6f74b116477528e09593f,0.2506722,16,Shops-Computers-and-Electronics,"[""Shops"",""Computers and Electronics"",""""]",16012
0,61e6f74b116477528e095942,0.2506722,13,Shops-Computers-and-Electronics-Video-Games,"[""Shops"",""Computers and Electronics"",""Video Games""]",13004
0,61e6f74b116477528e095944,0.2506722,16,Shops-Computers-and-Electronics-Mobile-Phones,"[""Shops"",""Computers and Electronics"",""Mobile Phones""]",16012
0,61e6f74b116477528e095946,0.2506722,16,Shops-Computers-and-Electronics-Cameras,"[""Shops"",""Computers and Electronics"",""Cameras""]",16012
0,61e6f74b116477528e09594b,0.2506722,16,Shops-Convenience-Stores,"[""Shops"",""Convenience Stores"",""""]",16003
0,61e6f74b116477528e09594d,0.2506722,5,Shops-Costumes,"[""Shops"",""Costumes"",""""]",5001
0,61e6f74b116477528e09594f,0.2506722,16,Shops-Dance-and-Music,"[""Shops"",""Dance and Music"",""""]",16008
0,61e6f74b116477528e095954,0.2506722,16,Shops-Digital-Purchase,"[""Shops"",""Digital Purchase"",""""]",16008
0,61e6f74b116477528e095956,0.2506722,16,Shops-Discount-Stores,"[""Shops"",""Discount Stores"",""""]",16008
0,61e6f74b116477528e095958,0.2506722,16,Shops-Electrical-Equipment,"[""Shops"",""Electrical Equipment"",""""]",16012
0,61e6f74b116477528e09595a,0.2506722,4,Shops-Equipment-Rental,"[""Shops"",""Equipment Rental"",""""]",4018
0,61e6f74b116477528e09595c,0.2506722,16,Shops-Flea-Markets,"[""Shops"",""Flea Markets"",""""]",16008
0,61e6f74b116477528e09595f,0.2506722,10,Shops-Florists,"[""Shops"",""Florists"",""""]",10002
0,61e6f74b116477528e09596f,0.2506722,10,Shops-Furniture-and-Home-Decor,"[""Shops"",""Furniture and Home Decor"",""""]",10002
0,61e6f74b116477528e095971,0.2506722,16,Shops-Gift-and-Novelty,"[""Shops"",""Gift and Novelty"",""""]",16008
0,61e6f74b116477528e095973,0.2506722,8,Shops-Glasses-and-Optometrist,"[""Shops"",""Glasses and Optometrist"",""""]",8001
0,61e6f74b116477528e095977,0.2506722,16,Shops-Hobby-and-Collectibles,"[""Shops"",""Hobby and Collectibles"",""""]",16008
0,61e6f74b116477528e095980,0.2506722,5,Shops-Luggage,"[""Shops"",""Luggage"",""""]",5003
0,61e6f74b116477528e095982,0.2506722,16,Shops-Marine-Supplies,"[""Shops"",""Marine Supplies"",""""]",16008
0,61e6f74b116477528e095984,0.2506722,null,Shops-Music,"[""Shops"",""Music"",""""]",null
0,61e6f74b116477528e095986,0.2506722,16,"Shops-Music,-Video-and-DVD","[""Shops"",""Music, Video and DVD"",""""]",16008
0,61e6f74b116477528e095988,0.2506722,16,Shops-Musical-Instruments,"[""Shops"",""Musical Instruments"",""""]",16008
0,61e6f74b116477528e09598a,0.2506722,16,Shops-Newsstands,"[""Shops"",""Newsstands"",""""]",16008
0,61e6f74b116477528e09598c,0.2506722,16,Shops-Office-Supplies,"[""Shops"",""Office Supplies"",""""]",16010
0,61e6f74b116477528e09598e,0.2506722,16,Shops-Outlet,"[""Shops"",""Outlet"",""""]",16004
0,61e6f74b116477528e0959a0,0.2506722,16,Shops-Pawn-Shops,"[""Shops"",""Pawn Shops"",""""]",16008
0,61e6f74b116477528e0959a3,0.2506722,16,Shops-Pets,"[""Shops"",""Pets"",""""]",16002
0,61e6f74b116477528e0959a8,0.2506722,16,Shops-Photos-and-Frames,"[""Shops"",""Photos and Frames"",""""]",16008
0,61e6f74b116477528e0959aa,0.2506722,16,Shops-Shopping-Centers-and-Malls,"[""Shops"",""Shopping Centers and Malls"",""""]",16004
0,61e6f74b116477528e0959ac,0.2506722,16,Shops-Sporting-Goods,"[""Shops"",""Sporting Goods"",""""]",9003
0,61e6f74b116477528e0959b1,0.2506722,7,Shops-Tobacco,"[""Shops"",""Tobacco"",""""]",7001
0,61e6f74b116477528e0959b3,0.2506722,16,Shops-Toys,"[""Shops"",""Toys"",""""]",16011
0,61e6f74b116477528e0959b5,0.2506722,16,Shops-Vintage-and-Thrift,"[""Shops"",""Vintage and Thrift"",""""]",16008
0,61e6f74b116477528e0959b7,0.2506722,16,Shops-Warehouses-and-Wholesale-Stores,"[""Shops"",""Warehouses and Wholesale Stores"",""""]",16009
0,61e6f74b116477528e0959b9,0.2506722,5,Shops-Wedding-and-Bridal,"[""Shops"",""Wedding and Bridal"",""""]",5001
0,61e6f74b116477528e0959bb,0.2506722,16,Shops-Wholesale,"[""Shops"",""Wholesale"",""""]",16009
0,61e6f74b116477528e0959bd,0.2506722,16,Shops,"[""Shops"","""",""""]",16008
0,61e6f74a116477528e095568,0.250773566,21,Community-Education-Colleges-and-Universities,"[""Community"",""Education"",""Colleges and Universities""]",21
0,61e6f74b116477528e0958cf,0.250888476,4,Service-Research,"[""Service"",""Research"",""""]",4018
0,61e6f74b116477528e0958d3,0.250888476,4,Service-Scientific,"[""Service"",""Scientific"",""""]",4018
0,61e6f74a116477528e0956a9,0.26060767,13,Recreation-Arts-and-Entertainment-Museums,"[""Recreation"",""Arts and Entertainment"",""Museums""]",2006
0,61e6f74a116477528e0956bf,0.26060767,13,Recreation-Arts-and-Entertainment-Aquarium,"[""Recreation"",""Arts and Entertainment"",""Aquarium""]",2006
0,61e6f74a116477528e0956f1,0.26060767,1,Recreation-Landmarks-Monuments-and-Memorials,"[""Recreation"",""Landmarks"",""Monuments and Memorials""]",1006
0,61e6f74a116477528e0956f3,0.26060767,1,Recreation-Landmarks-Historic-Sites,"[""Recreation"",""Landmarks"",""Historic Sites""]",1006
0,61e6f74a116477528e0956f5,0.26060767,1,Recreation-Landmarks-Gardens,"[""Recreation"",""Landmarks"",""Gardens""]",1006
0,61e6f74a116477528e0956f7,0.26060767,1,Recreation-Landmarks-Buildings-and-Structures,"[""Recreation"",""Landmarks"",""Buildings and Structures""]",1006
0,61e6f74a116477528e0956fb,0.26060767,9,Recreation-Outdoors,"[""Recreation"",""Outdoors"",""""]",9003
0,61e6f74a116477528e0956fd,0.26060767,9,Recreation-Outdoors-Rivers,"[""Recreation"",""Outdoors"",""Rivers""]",9003
0,61e6f74a116477528e0956ff,0.26060767,9,Recreation-Outdoors-Mountains,"[""Recreation"",""Outdoors"",""Mountains""]",9003
0,61e6f74a116477528e095701,0.26060767,9,Recreation-Outdoors-Lakes,"[""Recreation"",""Outdoors"",""Lakes""]",9003
0,61e6f74a116477528e095703,0.26060767,9,Recreation-Outdoors-Forests,"[""Recreation"",""Outdoors"",""Forests""]",9003
0,61e6f74a116477528e095705,0.26060767,9,Recreation-Outdoors-Beaches,"[""Recreation"",""Outdoors"",""Beaches""]",9003
0,61e6f74a116477528e095709,0.26060767,9,Recreation-Parks,"[""Recreation"",""Parks"",""""]",9003
0,61e6f74a116477528e09570b,0.26060767,9,Recreation-Parks-Playgrounds,"[""Recreation"",""Parks"",""Playgrounds""]",9003
0,61e6f74a116477528e09570d,0.26060767,9,Recreation-Parks-Picnic-Areas,"[""Recreation"",""Parks"",""Picnic Areas""]",9003
0,61e6f74a116477528e09570f,0.26060767,9,Recreation-Parks-Natural-Parks,"[""Recreation"",""Parks"",""Natural Parks""]",9003
0,61e6f74a116477528e095739,0.26060767,9,Recreation-Zoo,"[""Recreation"",""Zoo"",""""]",9003
0,61e6f74b116477528e095848,0.275102354,3,Service-Manufacturing-Apparel-and-Fabric-Products,"[""Service"",""Manufacturing"",""Apparel and Fabric Products""]",3009
0,61e6f74a116477528e09554f,0.27528151,4,Community-Day-Care-and-Preschools,"[""Community"",""Day Care and Preschools"",""""]",4015
0,61e6f74b116477528e09584f,0.277491827,3,Service-Manufacturing-Electrical-Equipment-and-Components,"[""Service"",""Manufacturing"",""Electrical Equipment and Components""]",3015
0,61e6f74b116477528e095a1c,0.278364192,1,Travel-Lodging,"[""Travel"",""Lodging"",""""]",1002
0,61e6f74b116477528e095a1e,0.278364192,1,Travel-Lodging-Resorts,"[""Travel"",""Lodging"",""Resorts""]",1002
0,61e6f74b116477528e095a20,0.278364192,1,Travel-Lodging-Lodges-and-Vacation-Rentals,"[""Travel"",""Lodging"",""Lodges and Vacation Rentals""]",1002
0,61e6f74b116477528e095a22,0.278364192,1,Travel-Lodging-Hotels-and-Motels,"[""Travel"",""Lodging"",""Hotels and Motels""]",1002
0,61e6f74b116477528e095a24,0.278364192,1,Travel-Lodging-Hostels,"[""Travel"",""Lodging"",""Hostels""]",1002
0,61e6f74b116477528e095a26,0.278364192,1,Travel-Lodging-Cottages-and-Cabins,"[""Travel"",""Lodging"",""Cottages and Cabins""]",1002
0,61e6f74b116477528e095a28,0.278364192,1,Travel-Lodging-Bed-and-Breakfasts,"[""Travel"",""Lodging"",""Bed and Breakfasts""]",1002
0,61e6f74b116477528e095833,0.281257451,16,Service-Industrial-Machinery-and-Vehicles,"[""Service"",""Industrial Machinery and Vehicles"",""""]",16006
0,61e6f74b116477528e09585a,0.281257451,3,Service-Manufacturing-Industrial-Machinery-and-Equipment,"[""Service"",""Manufacturing"",""Industrial Machinery and Equipment""]",3005
0,61e6f74b116477528e095952,0.2861819,16,Shops-Department-Stores,"[""Shops"",""Department Stores"",""""]",16004
0,61e6f74b116477528e09592a,0.296379085,5,Shops-Clothing-and-Accessories,"[""Shops"",""Clothing and Accessories"",""""]",5001
0,61e6f74b116477528e09592c,0.296379085,5,Shops-Clothing-and-Accessories-Women's-Store,"[""Shops"",""Clothing and Accessories"",""Women's Store""]",5001
0,61e6f74b116477528e09592e,0.296379085,5,Shops-Clothing-and-Accessories-Swimwear,"[""Shops"",""Clothing and Accessories"",""Swimwear""]",5001
0,61e6f74b116477528e095931,0.296379085,5,Shops-Clothing-and-Accessories-Shoe-Store,"[""Shops"",""Clothing and Accessories"",""Shoe Store""]",5002
0,61e6f74b116477528e095933,0.296379085,5,Shops-Clothing-and-Accessories-Men's-Store,"[""Shops"",""Clothing and Accessories"",""Men's Store""]",5001
0,61e6f74b116477528e095935,0.296379085,5,Shops-Clothing-and-Accessories-Lingerie-Store,"[""Shops"",""Clothing and Accessories"",""Lingerie Store""]",5001
0,61e6f74b116477528e095937,0.296379085,16,Shops-Clothing-and-Accessories-Kids'-Store,"[""Shops"",""Clothing and Accessories"",""Kids' Store""]",16011
0,61e6f74b116477528e095939,0.296379085,5,Shops-Clothing-and-Accessories-Boutique,"[""Shops"",""Clothing and Accessories"",""Boutique""]",5001
0,61e6f74b116477528e09593c,0.296379085,5,Shops-Clothing-and-Accessories-Accessories-Store,"[""Shops"",""Clothing and Accessories"",""Accessories Store""]",5003
0,61e6f74b116477528e09597b,0.296379085,5,Shops-Jewelry-and-Watches,"[""Shops"",""Jewelry and Watches"",""""]",5003
0,61e6f74b116477528e095990,0.296379085,5,Shops-Outlet-Women's-Store,"[""Shops"",""Outlet"",""Women's Store""]",5001
0,61e6f74b116477528e095992,0.296379085,5,Shops-Outlet-Swimwear,"[""Shops"",""Outlet"",""Swimwear""]",5001
0,61e6f74b116477528e095994,0.296379085,5,Shops-Outlet-Shoe-Store,"[""Shops"",""Outlet"",""Shoe Store""]",5002
0,61e6f74b116477528e095996,0.296379085,5,Shops-Outlet-Men's-Store,"[""Shops"",""Outlet"",""Men's Store""]",5001
0,61e6f74b116477528e095998,0.296379085,5,Shops-Outlet-Lingerie-Store,"[""Shops"",""Outlet"",""Lingerie Store""]",5001
0,61e6f74b116477528e09599a,0.296379085,16,Shops-Outlet-Kids'-Store,"[""Shops"",""Outlet"",""Kids' Store""]",16011
0,61e6f74b116477528e09599c,0.296379085,5,Shops-Outlet-Boutique,"[""Shops"",""Outlet"",""Boutique""]",5001
0,61e6f74b116477528e09599e,0.296379085,5,Shops-Outlet-Accessories-Store,"[""Shops"",""Outlet"",""Accessories Store""]",5003
0,61e6f74a116477528e09558f,0.305207809,20,Community-Religious,"[""Community"",""Religious"",""""]",20001
0,61e6f74a116477528e095591,0.305207809,20,Community-Religious-Temple,"[""Community"",""Religious"",""Temple""]",20001
0,61e6f74a116477528e095593,0.305207809,20,Community-Religious-Synagogues,"[""Community"",""Religious"",""Synagogues""]",20001
0,61e6f74a116477528e095595,0.305207809,20,Community-Religious-Mosques,"[""Community"",""Religious"",""Mosques""]",20001
0,61e6f74a116477528e095597,0.305207809,20,Community-Religious-Churches,"[""Community"",""Religious"",""Churches""]",20001
0,61e6f74a116477528e0956b5,0.325114189,13,Recreation-Arts-and-Entertainment-Casinos-and-Gaming,"[""Recreation"",""Arts and Entertainment"",""Casinos and Gaming""]",2006
0,61e6f74a116477528e0955c1,0.329311316,17,Food-and-Drink-Restaurants-Vegan-and-Vegetarian,"[""Food and Drink"",""Restaurants"",""Vegan and Vegetarian""]",17001
0,61e6f74a116477528e0955c3,0.329311316,17,Food-and-Drink-Restaurants-Turkish,"[""Food and Drink"",""Restaurants"",""Turkish""]",17001
0,61e6f74a116477528e0955c5,0.329311316,17,Food-and-Drink-Restaurants-Thai,"[""Food and Drink"",""Restaurants"",""Thai""]",17001
0,61e6f74a116477528e0955c7,0.329311316,17,Food-and-Drink-Restaurants-Swiss,"[""Food and Drink"",""Restaurants"",""Swiss""]",17001
0,61e6f74a116477528e0955c9,0.329311316,17,Food-and-Drink-Restaurants-Sushi,"[""Food and Drink"",""Restaurants"",""Sushi""]",17001
0,61e6f74a116477528e0955cb,0.329311316,17,Food-and-Drink-Restaurants-Steakhouses,"[""Food and Drink"",""Restaurants"",""Steakhouses""]",17001
0,61e6f74a116477528e0955cd,0.329311316,17,Food-and-Drink-Restaurants-Spanish,"[""Food and Drink"",""Restaurants"",""Spanish""]",17001
0,61e6f74a116477528e0955cf,0.329311316,17,Food-and-Drink-Restaurants-Seafood,"[""Food and Drink"",""Restaurants"",""Seafood""]",17001
0,61e6f74a116477528e0955d1,0.329311316,17,Food-and-Drink-Restaurants-Scandinavian,"[""Food and Drink"",""Restaurants"",""Scandinavian""]",17001
0,61e6f74a116477528e0955d3,0.329311316,17,Food-and-Drink-Restaurants-Portuguese,"[""Food and Drink"",""Restaurants"",""Portuguese""]",17001
0,61e6f74a116477528e0955d7,0.329311316,17,Food-and-Drink-Restaurants-Moroccan,"[""Food and Drink"",""Restaurants"",""Moroccan""]",17001
0,61e6f74a116477528e0955d9,0.329311316,17,Food-and-Drink-Restaurants-Middle-Eastern,"[""Food and Drink"",""Restaurants"",""Middle Eastern""]",17001
0,61e6f74a116477528e0955db,0.329311316,17,Food-and-Drink-Restaurants-Mexican,"[""Food and Drink"",""Restaurants"",""Mexican""]",17001
0,61e6f74a116477528e0955dd,0.329311316,17,Food-and-Drink-Restaurants-Mediterranean,"[""Food and Drink"",""Restaurants"",""Mediterranean""]",17001
0,61e6f74a116477528e0955df,0.329311316,17,Food-and-Drink-Restaurants-Latin-American,"[""Food and Drink"",""Restaurants"",""Latin American""]",17001
0,61e6f74a116477528e0955e1,0.329311316,17,Food-and-Drink-Restaurants-Korean,"[""Food and Drink"",""Restaurants"",""Korean""]",17001
0,61e6f74a116477528e0955e5,0.329311316,17,Food-and-Drink-Restaurants-Japanese,"[""Food and Drink"",""Restaurants"",""Japanese""]",17001
0,61e6f74a116477528e0955e7,0.329311316,17,Food-and-Drink-Restaurants-Italian,"[""Food and Drink"",""Restaurants"",""Italian""]",17001
0,61e6f74a116477528e0955e9,0.329311316,17,Food-and-Drink-Restaurants-Indonesian,"[""Food and Drink"",""Restaurants"",""Indonesian""]",17001
0,61e6f74a116477528e0955eb,0.329311316,17,Food-and-Drink-Restaurants-Indian,"[""Food and Drink"",""Restaurants"",""Indian""]",17001
0,61e6f74a116477528e0955ef,0.329311316,17,Food-and-Drink-Restaurants-Greek,"[""Food and Drink"",""Restaurants"",""Greek""]",17001
0,61e6f74a116477528e0955f1,0.329311316,17,Food-and-Drink-Restaurants-German,"[""Food and Drink"",""Restaurants"",""German""]",17001
0,61e6f74a116477528e0955f3,0.329311316,17,Food-and-Drink-Restaurants-Gastropub,"[""Food and Drink"",""Restaurants"",""Gastropub""]",17001
0,61e6f74a116477528e0955f5,0.329311316,17,Food-and-Drink-Restaurants-French,"[""Food and Drink"",""Restaurants"",""French""]",17001
0,61e6f74a116477528e0955fb,0.329311316,17,Food-and-Drink-Restaurants-Filipino,"[""Food and Drink"",""Restaurants"",""Filipino""]",17001
0,61e6f74a116477528e095602,0.329311316,17,Food-and-Drink-Restaurants-Ethiopian,"[""Food and Drink"",""Restaurants"",""Ethiopian""]",17001
0,61e6f74a116477528e095616,0.329311316,17,Food-and-Drink-Restaurants-Chinese,"[""Food and Drink"",""Restaurants"",""Chinese""]",17001
0,61e6f74a116477528e095618,0.329311316,17,Food-and-Drink-Restaurants-Caribbean,"[""Food and Drink"",""Restaurants"",""Caribbean""]",17001
0,61e6f74a116477528e09561a,0.329311316,17,Food-and-Drink-Restaurants-Cajun,"[""Food and Drink"",""Restaurants"",""Cajun""]",17001
0,61e6f74a116477528e095624,0.329311316,17,Food-and-Drink-Restaurants-Brazilian,"[""Food and Drink"",""Restaurants"",""Brazilian""]",17001
0,61e6f74a116477528e09562c,0.329311316,17,Food-and-Drink-Restaurants-Australian,"[""Food and Drink"",""Restaurants"",""Australian""]",17001
0,61e6f74a116477528e09562e,0.329311316,17,Food-and-Drink-Restaurants-Asian,"[""Food and Drink"",""Restaurants"",""Asian""]",17001
0,61e6f74a116477528e095630,0.329311316,17,Food-and-Drink-Restaurants-American,"[""Food and Drink"",""Restaurants"",""American""]",17001
0,61e6f74a116477528e095632,0.329311316,17,Food-and-Drink-Restaurants-African,"[""Food and Drink"",""Restaurants"",""African""]",17001
0,61e6f74a116477528e095634,0.329311316,17,Food-and-Drink-Restaurants-Afghan,"[""Food and Drink"",""Restaurants"",""Afghan""]",17001
0,61e6f74b116477528e09596d,0.335214039,16,Shops-Fuel-Dealer,"[""Shops"",""Fuel Dealer"",""""]",16005
0,61e6f74a116477528e095553,0.338590167,4,Community-Drug-and-Alcohol-Services,"[""Community"",""Drug and Alcohol Services"",""""]",4018
0,61e6f74a116477528e095574,0.338590167,19,Community-Housing-Assistance-and-Shelters,"[""Community"",""Housing Assistance and Shelters"",""""]",19
0,61e6f74b116477528e0958e7,0.356310662,1,Service-Tourist-Information-and-Services,"[""Service"",""Tourist Information and Services"",""""]",1005
0,61e6f74b116477528e0958e9,0.356310662,1,Service-Transportation,"[""Service"",""Transportation"",""""]",1004
0,61e6f74b116477528e095a2a,0,1,Travel-Parking,"[""Travel"",""Parking"",""""]",1004
0,61e6f74b116477528e095a32,0,1,Travel-Tolls-and-Fees,"[""Travel"",""Tolls and Fees"",""""]",1004
0,61e6f74b116477528e095a34,0.356310662,1,Travel-Transportation-Centers,"[""Travel"",""Transportation Centers"",""""]",1004
0,61e6f74b116477528e095a36,0.356310662,1,Travel,"[""Travel"","""",""""]",1005
0,61e6f74b116477528e095846,0.358848169,null,Service-Manufacturing,"[""Service"",""Manufacturing"",""""]",null
0,61e6f74b116477528e09586d,0.358848169,16,Service-Manufacturing-Service-Instruments,"[""Service"",""Manufacturing"",""Service Instruments""]",16008
0,61e6f74b116477528e095961,0.358899211,17,Shops-Food-and-Beverage-Store,"[""Shops"",""Food and Beverage Store"",""""]",17001
0,61e6f74b116477528e095963,0.358899211,16,Shops-Food-and-Beverage-Store-Specialty,"[""Shops"",""Food and Beverage Store"",""Specialty""]",16008
0,61e6f74b116477528e095965,0.358899211,16,Shops-Food-and-Beverage-Store-Health-Food,"[""Shops"",""Food and Beverage Store"",""Health Food""]",16008
0,61e6f74b116477528e095967,0.358899211,16,Shops-Food-and-Beverage-Store-Farmers-Markets,"[""Shops"",""Food and Beverage Store"",""Farmers Markets""]",16008
0,61e6f74b116477528e095969,0.358899211,16,"Shops-Food-and-Beverage-Store-Beer,-Wine-and-Spirits","[""Shops"",""Food and Beverage Store"",""Beer, Wine and Spirits""]",16008
0,61e6f74b116477528e09596b,0.358899211,16,Shops-Food-and-Beverage-Store-Beer,"[""Shops"",""Food and Beverage Store"",""Beer""]",16008
0,61e6f74b116477528e095876,0.363715677,3,Service-Manufacturing-Wood-Products,"[""Service"",""Manufacturing"",""Wood Products""]",3008
0,61e6f74b116477528e09586f,0.366150111,3,Service-Manufacturing-Textiles,"[""Service"",""Manufacturing"",""Textiles""]",3009
0,61e6f74b116477528e0958e4,0.366150111,4,Service-Textiles,"[""Service"",""Textiles"",""""]",4018
0,61e6f74a116477528e095570,0.370490328,20,Community-Government-Departments-and-Agencies,"[""Community"",""Government Departments and Agencies"",""""]",2006
0,61e6f74a116477528e095572,0.370490328,null,Community-Government-Lobbyists,"[""Community"",""Government Lobbyists"",""""]",null
0,61e6f74a116477528e095577,0.370490328,20,Community-Law-Enforcement,"[""Community"",""Law Enforcement"",""""]",20001
0,61e6f74a116477528e095579,0.370490328,20,Community-Law-Enforcement-Police-Stations,"[""Community"",""Law Enforcement"",""Police Stations""]",20001
0,61e6f74a116477528e09557b,0.370490328,20,Community-Law-Enforcement-Fire-Stations,"[""Community"",""Law Enforcement"",""Fire Stations""]",20001
0,61e6f74a116477528e09557d,0.370490328,20,Community-Law-Enforcement-Correctional-Institutions,"[""Community"",""Law Enforcement"",""Correctional Institutions""]",20001
0,61e6f74b116477528e095854,0.387877939,3,Service-Manufacturing-Furniture-and-Fixtures,"[""Service"",""Manufacturing"",""Furniture and Fixtures""]",3009
0,61e6f74b116477528e095874,0.405163036,3,Service-Manufacturing-Transportation-Equipment,"[""Service"",""Manufacturing"",""Transportation Equipment""]",3003
0,61e6f74b116477528e09585e,0.422385677,3,Service-Manufacturing-Metal-Products,"[""Service"",""Manufacturing"",""Metal Products""]",3008
0,61e6f74b116477528e09587a,0.422385677,null,Service-Metals,"[""Service"",""Metals"",""""]",null
0,61e6f74b116477528e09579b,0.424248424,4,Service-Construction,"[""Service"",""Construction"",""""]",4003
0,61e6f74b116477528e09579d,0.424248424,4,Service-Construction-Specialty,"[""Service"",""Construction"",""Specialty""]",4003
0,61e6f74b116477528e09579f,0.424248424,4,Service-Construction-Roofers,"[""Service"",""Construction"",""Roofers""]",4003
0,61e6f74b116477528e0957a1,0.424248424,4,Service-Construction-Painting,"[""Service"",""Construction"",""Painting""]",4003
0,61e6f74b116477528e0957a3,0.424248424,4,Service-Construction-Masonry,"[""Service"",""Construction"",""Masonry""]",4003
0,61e6f74b116477528e0957a5,0.424248424,4,Service-Construction-Infrastructure,"[""Service"",""Construction"",""Infrastructure""]",4003
0,61e6f74b116477528e0957a7,0.424248424,4,Service-Construction-Heating,"[""Service"",""Construction"",""Heating""]",4003
0,61e6f74b116477528e0957a9,0.424248424,4,Service-Construction-Electricians,"[""Service"",""Construction"",""Electricians""]",4003
0,61e6f74b116477528e0957ab,0.424248424,4,Service-Construction-Contractors,"[""Service"",""Construction"",""Contractors""]",4003
0,61e6f74b116477528e0957ad,0.424248424,4,Service-Construction-Carpet-and-Flooring,"[""Service"",""Construction"",""Carpet and Flooring""]",4003
0,61e6f74b116477528e0957af,0.424248424,4,Service-Construction-Carpenters,"[""Service"",""Construction"",""Carpenters""]",4003
0,61e6f74a116477528e0955ae,0.429231765,17,Food-and-Drink-Nightlife,"[""Food and Drink"",""Nightlife"",""""]",17002
0,61e6f74a116477528e0955b0,0.429231765,null,Food-and-Drink-Nightlife-Strip-Club,"[""Food and Drink"",""Nightlife"",""Strip Club""]",null
0,61e6f74a116477528e0955b2,0.429231765,17,Food-and-Drink-Nightlife-Night-Clubs,"[""Food and Drink"",""Nightlife"",""Night Clubs""]",17002
0,61e6f74a116477528e0955b4,0.429231765,17,Food-and-Drink-Nightlife-Karaoke,"[""Food and Drink"",""Nightlife"",""Karaoke""]",17002
0,61e6f74a116477528e0955b6,0.429231765,17,Food-and-Drink-Nightlife-Jazz-and-Blues-Cafe,"[""Food and Drink"",""Nightlife"",""Jazz and Blues Cafe""]",17002
0,61e6f74a116477528e0955b8,0.429231765,17,Food-and-Drink-Nightlife-Hookah-Lounges,"[""Food and Drink"",""Nightlife"",""Hookah Lounges""]",17002
0,61e6f74a116477528e0955ba,0.429231765,null,Food-and-Drink-Nightlife-Adult-Entertainment,"[""Food and Drink"",""Nightlife"",""Adult Entertainment""]",null
0,61e6f74a116477528e095699,0.429231765,13,Recreation-Arts-and-Entertainment,"[""Recreation"",""Arts and Entertainment"",""""]",2006
0,61e6f74a116477528e09569f,0.429231765,13,Recreation-Arts-and-Entertainment-Sports-Venues,"[""Recreation"",""Arts and Entertainment"",""Sports Venues""]",2006
0,61e6f74a116477528e0956a1,0.429231765,13,Recreation-Arts-and-Entertainment-Social-Clubs,"[""Recreation"",""Arts and Entertainment"",""Social Clubs""]",2006
0,61e6f74a116477528e0956a3,0.429231765,13,Recreation-Arts-and-Entertainment-Psychics-and-Astrologers,"[""Recreation"",""Arts and Entertainment"",""Psychics and Astrologers""]",2006
0,61e6f74a116477528e0956a5,0.429231765,13,Recreation-Arts-and-Entertainment-Party-Centers,"[""Recreation"",""Arts and Entertainment"",""Party Centers""]",2006
0,61e6f74a116477528e0956a7,0.429231765,13,Recreation-Arts-and-Entertainment-Music-and-Show-Venues,"[""Recreation"",""Arts and Entertainment"",""Music and Show Venues""]",2006
0,61e6f74a116477528e0956ab,0.429231765,13,Recreation-Arts-and-Entertainment-Movie-Theatres,"[""Recreation"",""Arts and Entertainment"",""Movie Theatres""]",2006
0,61e6f74a116477528e0956ad,0.429231765,13,Recreation-Arts-and-Entertainment-Fairgrounds-and-Rodeos,"[""Recreation"",""Arts and Entertainment"",""Fairgrounds and Rodeos""]",2006
0,61e6f74a116477528e0956af,0.429231765,13,Recreation-Arts-and-Entertainment-Entertainment,"[""Recreation"",""Arts and Entertainment"",""Entertainment""]",2006
0,61e6f74a116477528e0956b1,0.429231765,13,Recreation-Arts-and-Entertainment-Dance-Halls-and-Saloons,"[""Recreation"",""Arts and Entertainment"",""Dance Halls and Saloons""]",2006
0,61e6f74a116477528e0956b3,0.429231765,13,Recreation-Arts-and-Entertainment-Circuses-and-Carnivals,"[""Recreation"",""Arts and Entertainment"",""Circuses and Carnivals""]",2006
0,61e6f74a116477528e0956b7,0.429231765,13,Recreation-Arts-and-Entertainment-Bowling,"[""Recreation"",""Arts and Entertainment"",""Bowling""]",2006
0,61e6f74a116477528e0956b9,0.429231765,13,Recreation-Arts-and-Entertainment-Billiards-and-Pool,"[""Recreation"",""Arts and Entertainment"",""Billiards and Pool""]",2006
0,61e6f74a116477528e0956bb,0.429231765,13,Recreation-Arts-and-Entertainment-Art-Dealers-and-Galleries,"[""Recreation"",""Arts and Entertainment"",""Art Dealers and Galleries""]",2006
0,61e6f74a116477528e0956c3,0.429231765,9,Recreation-Athletic-Fields,"[""Recreation"",""Athletic Fields"",""""]",9003
0,61e6f74a116477528e0956c5,0.429231765,9,Recreation-Baseball,"[""Recreation"",""Baseball"",""""]",9003
0,61e6f74a116477528e0956c7,0.429231765,9,Recreation-Basketball,"[""Recreation"",""Basketball"",""""]",9003
0,61e6f74a116477528e0956c9,0.429231765,9,Recreation-Batting-Cages,"[""Recreation"",""Batting Cages"",""""]",9003
0,61e6f74a116477528e0956cb,0.429231765,9,Recreation-Boating,"[""Recreation"",""Boating"",""""]",9003
0,61e6f74a116477528e0956cd,0.429231765,9,Recreation-Campgrounds-and-RV-Parks,"[""Recreation"",""Campgrounds and RV Parks"",""""]",9003
0,61e6f74a116477528e0956cf,0.429231765,9,Recreation-Canoes-and-Kayaks,"[""Recreation"",""Canoes and Kayaks"",""""]",9003
0,61e6f74a116477528e0956d1,0.429231765,9,Recreation-Combat-Sports,"[""Recreation"",""Combat Sports"",""""]",9003
0,61e6f74a116477528e0956d3,0.429231765,9,Recreation-Cycling,"[""Recreation"",""Cycling"",""""]",9003
0,61e6f74a116477528e0956d5,0.429231765,9,Recreation-Dance,"[""Recreation"",""Dance"",""""]",9003
0,61e6f74a116477528e0956d7,0.429231765,9,Recreation-Equestrian,"[""Recreation"",""Equestrian"",""""]",9003
0,61e6f74a116477528e0956d9,0.429231765,9,Recreation-Football,"[""Recreation"",""Football"",""""]",9003
0,61e6f74a116477528e0956db,0.429231765,9,Recreation-Go-Carts,"[""Recreation"",""Go Carts"",""""]",9003
0,61e6f74a116477528e0956dd,0.429231765,9,Recreation-Golf,"[""Recreation"",""Golf"",""""]",9003
0,61e6f74a116477528e0956df,0.429231765,9,Recreation-Gun-Ranges,"[""Recreation"",""Gun Ranges"",""""]",9003
0,61e6f74a116477528e0956e1,0.429231765,9,Recreation-Gymnastics,"[""Recreation"",""Gymnastics"",""""]",9003
0,61e6f74a116477528e0956e3,0.429231765,9,Recreation-Gyms-and-Fitness-Centers,"[""Recreation"",""Gyms and Fitness Centers"",""""]",9003
0,61e6f74a116477528e0956e5,0.429231765,9,Recreation-Hiking,"[""Recreation"",""Hiking"",""""]",9003
0,61e6f74a116477528e0956e7,0.429231765,9,Recreation-Hockey,"[""Recreation"",""Hockey"",""""]",9003
0,61e6f74a116477528e0956e9,0.429231765,9,Recreation-Hot-Air-Balloons,"[""Recreation"",""Hot Air Balloons"",""""]",9003
0,61e6f74a116477528e0956ef,0.429231765,1,Recreation-Landmarks,"[""Recreation"",""Landmarks"",""""]",1006
0,61e6f74a116477528e0956f9,0.429231765,9,Recreation-Miniature-Golf,"[""Recreation"",""Miniature Golf"",""""]",9003
0,61e6f74a116477528e095707,0.429231765,9,Recreation-Paintball,"[""Recreation"",""Paintball"",""""]",9003
0,61e6f74a116477528e095711,0.429231765,9,Recreation-Personal-Trainers,"[""Recreation"",""Personal Trainers"",""""]",9003
0,61e6f74a116477528e095713,0.429231765,9,Recreation-Race-Tracks,"[""Recreation"",""Race Tracks"",""""]",9003
0,61e6f74a116477528e095715,0.429231765,9,Recreation-Racquet-Sports,"[""Recreation"",""Racquet Sports"",""""]",9003
0,61e6f74a116477528e095717,0.429231765,9,Recreation-Racquetball,"[""Recreation"",""Racquetball"",""""]",9003
0,61e6f74a116477528e095719,0.429231765,9,Recreation-Rafting,"[""Recreation"",""Rafting"",""""]",9003
0,61e6f74a116477528e09571b,0.429231765,9,Recreation-Recreation-Centers,"[""Recreation"",""Recreation Centers"",""""]",9003
0,61e6f74a116477528e09571d,0.429231765,9,Recreation-Rock-Climbing,"[""Recreation"",""Rock Climbing"",""""]",9003
0,61e6f74a116477528e09571f,0.429231765,9,Recreation-Running,"[""Recreation"",""Running"",""""]",9003
0,61e6f74a116477528e095721,0.429231765,9,Recreation-Scuba-Diving,"[""Recreation"",""Scuba Diving"",""""]",9003
0,61e6f74a116477528e095723,0.429231765,9,Recreation-Skating,"[""Recreation"",""Skating"",""""]",9003
0,61e6f74a116477528e095725,0.429231765,9,Recreation-Skydiving,"[""Recreation"",""Skydiving"",""""]",9003
0,61e6f74a116477528e095727,0.429231765,9,Recreation-Snow-Sports,"[""Recreation"",""Snow Sports"",""""]",9003
0,61e6f74a116477528e095729,0.429231765,9,Recreation-Soccer,"[""Recreation"",""Soccer"",""""]",9003
0,61e6f74a116477528e09572b,0.429231765,9,Recreation-Sports-and-Recreation-Camps,"[""Recreation"",""Sports and Recreation Camps"",""""]",9003
0,61e6f74a116477528e09572d,0.429231765,9,Recreation-Sports-Clubs,"[""Recreation"",""Sports Clubs"",""""]",9003
0,61e6f74a116477528e095731,0.429231765,9,Recreation-Swimming,"[""Recreation"",""Swimming"",""""]",9003
0,61e6f74a116477528e095733,0.429231765,9,Recreation-Tennis,"[""Recreation"",""Tennis"",""""]",9003
0,61e6f74a116477528e095735,0.429231765,9,Recreation-Water-Sports,"[""Recreation"",""Water Sports"",""""]",9003
0,61e6f74a116477528e095737,0.429231765,9,Recreation-Yoga-and-Pilates,"[""Recreation"",""Yoga and Pilates"",""""]",9003
0,61e6f74a116477528e09573b,0.429231765,9,Recreation,"[""Recreation"","""",""""]",9003
0,61e6f74b116477528e0957b9,0.429231765,13,Service-Entertainment,"[""Service"",""Entertainment"",""""]",2006
0,61e6f74b116477528e09586a,0.434682741,3,Service-Manufacturing-Rubber-Products,"[""Service"",""Manufacturing"",""Rubber Products""]",3008
0,61e6f74b116477528e0958d1,0.434682741,3,Service-Rubber,"[""Service"",""Rubber"",""""]",3008
0,61e6f74b116477528e0958c9,0.434773061,4,Service-Refrigeration-and-Ice,"[""Service"",""Refrigeration and Ice"",""""]",4018
0,61e6f74a116477528e0955fe,0.442181174,17,Food-and-Drink-Restaurants-Fast-Food,"[""Food and Drink"",""Restaurants"",""Fast Food""]",17003
0,61e6f74b116477528e09583b,0.446586758,3,Service-Leather,"[""Service"",""Leather"",""""]",3009
0,61e6f74b116477528e09585c,0.446586758,3,Service-Manufacturing-Leather-Goods,"[""Service"",""Manufacturing"",""Leather Goods""]",3009
0,61e6f74b116477528e09583f,0.460726842,22,Service-Logging-and-Sawmills,"[""Service"",""Logging and Sawmills"",""""]",22
0,61e6f74a116477528e0956eb,0.510838852,9,Recreation-Hunting-and-Fishing,"[""Recreation"",""Hunting and Fishing"",""""]",9003
0,61e6f74b116477528e0958ad,0.512068486,3,Service-Plastics,"[""Service"",""Plastics"",""""]",3009
0,61e6f74b116477528e09584a,0.51248904,3,Service-Manufacturing-Chemicals-and-Gasses,"[""Service"",""Manufacturing"",""Chemicals and Gasses""]",3001
0,61e6f74b116477528e0958b3,0.530335603,12,Service-Real-Estate,"[""Service"",""Real Estate"",""""]",12
0,61e6f74b116477528e0958b5,0.530335603,12,Service-Real-Estate-Real-Estate-Development-and-Title-Companies,"[""Service"",""Real Estate"",""Real Estate Development and Title Companies""]",12
0,61e6f74b116477528e0958b7,0.530335603,12,Service-Real-Estate-Real-Estate-Appraiser,"[""Service"",""Real Estate"",""Real Estate Appraiser""]",12
0,61e6f74b116477528e0958b9,0.530335603,12,Service-Real-Estate-Real-Estate-Agents,"[""Service"",""Real Estate"",""Real Estate Agents""]",12
0,61e6f74b116477528e0958bb,0.530335603,12,Service-Real-Estate-Property-Management,"[""Service"",""Real Estate"",""Property Management""]",12
0,61e6f74b116477528e0958bd,0.530335603,12,Service-Real-Estate-Corporate-Housing,"[""Service"",""Real Estate"",""Corporate Housing""]",12
0,61e6f74b116477528e0958bf,0.530335603,12,Service-Real-Estate-Commercial-Real-Estate,"[""Service"",""Real Estate"",""Commercial Real Estate""]",12
0,61e6f74b116477528e0958c1,0.530335603,12,Service-Real-Estate-Building-and-Land-Surveyors,"[""Service"",""Real Estate"",""Building and Land Surveyors""]",12
0,61e6f74b116477528e0958c3,0.530335603,12,Service-Real-Estate-Boarding-Houses,"[""Service"",""Real Estate"",""Boarding Houses""]",12
0,61e6f74b116477528e0958d7,0.544643864,4014,Service-Shipping-and-Freight,"[""Service"",""Shipping and Freight"",""""]",null
0,61e6f74b116477528e095863,0.547599417,3,Service-Manufacturing-Paper-Products,"[""Service"",""Manufacturing"",""Paper Products""]",3002
0,61e6f74b116477528e09588c,0.547599417,3,Service-Paper,"[""Service"",""Paper"",""""]",3002
0,61e6f74a116477528e09575b,0.559401735,22,Service-Agriculture-and-Forestry-Forestry,"[""Service"",""Agriculture and Forestry"",""Forestry""]",22
0,61e6f74b116477528e095857,0.581689441,3,Service-Manufacturing-Glass-Products,"[""Service"",""Manufacturing"",""Glass Products""]",3008
0,61e6f74b116477528e09588a,0.604838287,3,Service-Packaging,"[""Service"",""Packaging"",""""]",3007
0,61e6f74a116477528e095757,0.611188644,22,Service-Agriculture-and-Forestry,"[""Service"",""Agriculture and Forestry"",""""]",22
0,61e6f74b116477528e09575f,0.611188644,22,Service-Agriculture-and-Forestry-Services,"[""Service"",""Agriculture and Forestry"",""Services""]",22
0,61e6f74b116477528e095a08,0.720677234,1,Travel-Bus-Stations,"[""Travel"",""Bus Stations"",""""]",1004
0,61e6f74b116477528e095a0d,0.720677234,1,Travel-Car-Service,"[""Travel"",""Car Service"",""""]",1005
0,61e6f74b116477528e095a0f,0.720677234,1,Travel-Car-Service-Ride-Share,"[""Travel"",""Car Service"",""Ride Share""]",1004
0,61e6f74b116477528e095a11,0.720677234,1,Travel-Charter-Buses,"[""Travel"",""Charter Buses"",""""]",1004
0,61e6f74b116477528e095a19,0.720677234,1,Travel-Limos-and-Chauffeurs,"[""Travel"",""Limos and Chauffeurs"",""""]",1004
0,61e6f74b116477528e095a2c,0.720677234,1,Travel-Public-Transportation-Services,"[""Travel"",""Public Transportation Services"",""""]",1004
0,61e6f74b116477528e095a30,0.720677234,1,Travel-Taxi,"[""Travel"",""Taxi"",""""]",1004
0,61e6f74b116477528e0958ed,0.736911281,11,Service-Utilities,"[""Service"",""Utilities"",""""]",11
0,61e6f74b116477528e0958ef,0.736911281,11,Service-Utilities-Water,"[""Service"",""Utilities"",""Water""]",11
0,61e6f74b116477528e0958f1,0.736911281,11,Service-Utilities-Sanitary-and-Waste-Management,"[""Service"",""Utilities"",""Sanitary and Waste Management""]",11
0,61e6f74b116477528e0958f3,0.736911281,11,Service-Utilities-Heating,"[""Service"",""Utilities"",""Heating""]",11
0,61e6f74b116477528e0958f5,0.736911281,11,Service-Utilities-Gas,"[""Service"",""Utilities"",""Gas""]",11
0,61e6f74b116477528e0958fb,0.736911281,4,Service-Water-and-Waste-Management,"[""Service"",""Water and Waste Management"",""""]",4018
0,61e6f74b116477528e09587c,0.739327047,3,Service-Mining,"[""Service"",""Mining"",""""]",3008
0,61e6f74b116477528e095880,0.739327047,3,Service-Mining-Metal,"[""Service"",""Mining"",""Metal""]",3008
0,61e6f74b116477528e095852,0.760319908,3,Service-Manufacturing-Food-and-Beverage,"[""Service"",""Manufacturing"",""Food and Beverage""]",3010
0,61e6f74b116477528e0958b0,0.78920575,1,Service-Rail,"[""Service"",""Rail"",""""]",1004
0,61e6f74b116477528e095a2e,0.78920575,1,Travel-Rail,"[""Travel"",""Rail"",""""]",1004
0,61e6f74b116477528e0958db,0.815682409,4,Service-Storage,"[""Service"",""Storage"",""""]",4018
0,61e6f74b116477528e095a06,0.823605788,1,Travel-Boat,"[""Travel"",""Boat"",""""]",1004
0,61e6f74b116477528e095a13,0.823605788,1,Travel-Cruises,"[""Travel"",""Cruises"",""""]",1004
0,61e6f74a116477528e0955ed,0.89,17,Food-and-Drink-Restaurants-Ice-Cream,"[""Food and Drink"",""Restaurants"",""Ice Cream""]",17004
0,61e6f74b116477528e095882,0.968475571,3,Service-Mining-Non-Metallic-Minerals,"[""Service"",""Mining"",""Non-Metallic Minerals""]",3008
0,61e6f74b116477528e0959ae,1.03,16,Shops-Supermarkets-and-Groceries,"[""Shops"",""Supermarkets and Groceries"",""""]",16003
0,61e6f74b116477528e095866,1.043760798,3,Service-Manufacturing-Petroleum,"[""Service"",""Manufacturing"",""Petroleum""]",3006
0,61e6f74b116477528e0958a8,1.043760798,16,Service-Petroleum,"[""Service"",""Petroleum"",""""]",16005
0,61e6f74b116477528e095860,1.064662248,3,Service-Manufacturing-Nonmetallic-Mineral-Products,"[""Service"",""Manufacturing"",""Nonmetallic Mineral Products""]",3008
0,61e6f74b116477528e095a02,1.069712225,1,Travel-Airlines-and-Aviation-Services,"[""Travel"",""Airlines and Aviation Services"",""""]",1001
0,61e6f74b116477528e095a04,1.069712225,1,Travel-Airports,"[""Travel"",""Airports"",""""]",1001
0,61e6f74b116477528e095a17,1.069712225,1,Travel-Heliports,"[""Travel"",""Heliports"",""""]",1004
0,61e6f74b116477528e095868,1.306445866,3,Service-Manufacturing-Plastic-Products,"[""Service"",""Manufacturing"",""Plastic Products""]",3008
0,61e6f74b116477528e095887,1.71810886,14,Service-Oil-and-Gas,"[""Service"",""Oil and Gas"",""""]",14
0,61e6f74b116477528e09587e,1.802438446,3,Service-Mining-Coal,"[""Service"",""Mining"",""Coal""]",3008
0,61e6f74a116477528e095759,2.067164029,22,Service-Agriculture-and-Forestry-Crop-Production,"[""Service"",""Agriculture and Forestry"",""Crop Production""]",22
0,61e6f74b116477528e09575d,4.664219379,22,Service-Agriculture-and-Forestry-Livestock-and-Animals,"[""Service"",""Agriculture and Forestry"",""Livestock and Animals""]",22
0,61e6f74b116477528e095a15,4.795,16,Travel-Gas-Stations,"[""Travel"",""Gas Stations"",""""]",16005
0,61e6f74b116477528e0958f7,4.811914087,11,Service-Utilities-Electric,"[""Service"",""Utilities"",""Electric""]",11
