companyName,companyId,parentName,parentId,removeParent,notes
Panera Bread,621b99f25f87e75f53661391,,,TRUE,"currently has Dr. Pepper listed as parent, want no parent"
Margaritaville,621b99f25f87e75f53661365,,,TRUE,"currently has Dr. Pepper listed as parent, want no parent"
TAZO,621b99bb5f87e75f5365f365,Unilever plc,621b996c5f87e75f5365c53d,,"currently owned by starbucks, now owned by unilever"
Cinnabon,621b99f35f87e75f536613bd,,,TRUE,"currently has Dr. Pepper listed as parent, want no parent"
Vitacoco,621b99f25f87e75f53661371,,,TRUE,"currently has Dr. Pepper listed as parent, want no parent"
Peets Coffee,621b99f25f87e75f53661359,,,TRUE,"currently has Dr. Pepper listed as parent, want no parent"
Caribou Coffee,621b99f25f87e75f5366131d,,,TRUE,"currently has Dr. Pepper listed as parent, want no parent"
7 For All Mankind,62deed637b212526d1e0100f,Delta Galil,62deed947b212526d1e01634,,
Boost,62deeec87b212526d1e03148,Nestle,62deed917b212526d1e015dc,,
Buitoni,62deeec87b212526d1e0314d,Nestle,62deed917b212526d1e015dc,,
Coffee-Mate,62deeec87b212526d1e03152,Nestle,62deed917b212526d1e015dc,,
DiGiorno,62deeec87b212526d1e03158,Nestle,62deed917b212526d1e015dc,,
Dreyer's,62deeec87b212526d1e0315d,Nestle,62deed917b212526d1e015dc,,
Hot Pockets,62deeec87b212526d1e03163,Nestle,62deed917b212526d1e015dc,,
HÃ¤agen-Dazs,62deeec87b212526d1e03168,Nestle,62deed917b212526d1e015dc,,
Jack's,62deeec87b212526d1e0316e,Nestle,62deed917b212526d1e015dc,,
KitKat,62deeec87b212526d1e03173,Nestle,62deed917b212526d1e015dc,,
Milo,62deeec97b212526d1e03179,Nestle,62deed917b212526d1e015dc,,
NescafÃ©,62deeec97b212526d1e0317e,Nestle,62deed917b212526d1e015dc,,
NestlÃ© Ice Cream,62deeec97b212526d1e03184,Nestle,62deed917b212526d1e015dc,,
Purina,62deeec97b212526d1e0318a,Nestle,62deed917b212526d1e015dc,,
Smarties,62deeec97b212526d1e0318f,Nestle,62deed917b212526d1e015dc,,
Hollister,62deeec97b212526d1e03194,Abercrombie & Fitch,62deed637b212526d1e01014,,
Social Tourist,62deeec97b212526d1e0319a,Abercrombie & Fitch,62deed637b212526d1e01014,,
Gilly Hicks,62deeeca7b212526d1e031a0,Abercrombie & Fitch,62deed637b212526d1e01014,,
Wrangler,62deeeca7b212526d1e031a6,Kontoor Brands,62deed677b212526d1e01055,,
Lee,62deeeca7b212526d1e031ac,Kontoor Brands,62deed677b212526d1e01055,,
UGG,62deeeca7b212526d1e031b2,Deckers Outdoor,62deed647b212526d1e01027,,
Koolaburra by Ugg,62deeeca7b212526d1e031b8,Deckers Outdoor,62deed647b212526d1e01027,,
HOKA,62deeeca7b212526d1e031be,Deckers Outdoor,62deed647b212526d1e01027,,
Teva,62deeecb7b212526d1e031c4,Deckers Outdoor,62deed647b212526d1e01027,,
Sanuk,62deeecb7b212526d1e031ca,Deckers Outdoor,62deed647b212526d1e01027,,
The Laughing Cow,62deef097b212526d1e03cac,Bel Brands USA,62deef087b212526d1e03ca6,,
Babybel,62deef097b212526d1e03cb2,Bel Brands USA,62deef087b212526d1e03ca6,,
Boursin,62deef0c7b212526d1e03cb8,Bel Brands USA,62deef087b212526d1e03ca6,,
Kaukauna,62deef0c7b212526d1e03cbe,Bel Brands USA,62deef087b212526d1e03ca6,,
Merkts,62deef0c7b212526d1e03cc4,Bel Brands USA,62deef087b212526d1e03ca6,,
Price's,62deef0d7b212526d1e03cca,Bel Brands USA,62deef087b212526d1e03ca6,,
Owl's Nest,62deef0d7b212526d1e03cd0,Bel Brands USA,62deef087b212526d1e03ca6,,
Dandies Vegan Marshmallows,62deef0d7b212526d1e03cdb,Chicago Vegan Foods,62deef0d7b212526d1e03cd6,,
Temptation Vegan Soft Serve,62deef0d7b212526d1e03ce0,Chicago Vegan Foods,62deef0d7b212526d1e03cd6,,
Temptation Vegan Frozen Dessert,62deef0d7b212526d1e03ce6,Chicago Vegan Foods,62deef0d7b212526d1e03cd6,,
Teese Vegan Cheese,62deef0d7b212526d1e03cec,Chicago Vegan Foods,62deef0d7b212526d1e03cd6,,
Field Roast,62deef0d7b212526d1e03cf7,Greenleaf Foods,62deef0d7b212526d1e03cf2,,
Lightlife,62deef0d7b212526d1e03cfe,Greenleaf Foods,62deef0d7b212526d1e03cf2,,
Activia,62deef0e7b212526d1e03d03,Danone,621b99695f87e75f5365c3c5,,
Dannon,62deef0e7b212526d1e03d08,Danone,621b99695f87e75f5365c3c5,,
Danimals,62deef0e7b212526d1e03d0d,Danone,621b99695f87e75f5365c3c5,,
Horizon Organic,62deef0e7b212526d1e03d12,Danone,621b99695f87e75f5365c3c5,,
International Delight,62deef0f7b212526d1e03d17,Danone,621b99695f87e75f5365c3c5,,
Light and Fit,62deef0f7b212526d1e03d1d,Danone,621b99695f87e75f5365c3c5,,
Oikos,62deef0f7b212526d1e03d22,Danone,621b99695f87e75f5365c3c5,,
Silk,62deef0f7b212526d1e03d27,Danone,621b99695f87e75f5365c3c5,,
So Delicious Dairy Free,62deef0f7b212526d1e03d2d,Danone,621b99695f87e75f5365c3c5,,
Stok Brew,62deef107b212526d1e03d33,Danone,621b99695f87e75f5365c3c5,,
Vega,62deef107b212526d1e03d39,Danone,621b99695f87e75f5365c3c5,,
Wallaby Yogurt,62deef107b212526d1e03d3f,Danone,621b99695f87e75f5365c3c5,,
Yo Crunch,62deef117b212526d1e03d44,Danone,621b99695f87e75f5365c3c5,,
Yo Cream,62deef117b212526d1e03d49,Danone,621b99695f87e75f5365c3c5,,
Brookside,62deef147b212526d1e03dc9,The Hershey Company,621b99cb5f87e75f5365fca9,,
The Giant Company,62deef187b212526d1e03e99,Ahold Delhaize USA,62def10b7b212526d1e05ad7,,
Giant Food,62deef187b212526d1e03ea0,Ahold Delhaize USA,62def10b7b212526d1e05ad7,,
Nespresso,62deef1f7b212526d1e03fd0,Nestle,62deed917b212526d1e015dc,,
Stop & Shop,62deef237b212526d1e0405d,Ahold Delhaize USA,62def10b7b212526d1e05ad7,,
The Company Store,62deef297b212526d1e04156,The Home Depot,621b99345f87e75f5365a50d,,
Grass & Air,62deef4f7b212526d1e04518,Parently Group Ltd,62deef487b212526d1e04488,,
Berghaus,62deef4f7b212526d1e0451d,Pentland Brands,62deef487b212526d1e0448d,,
Ellesse,62deef507b212526d1e04523,Pentland Brands,62deef487b212526d1e0448d,,
Endura,62deef517b212526d1e04529,Pentland Brands,62deef487b212526d1e0448d,,
KangaROOS,62deef517b212526d1e0452f,Pentland Brands,62deef487b212526d1e0448d,,
Mitre,62deef517b212526d1e04535,Pentland Brands,62deef487b212526d1e0448d,,
SeaVees,62deef517b212526d1e0453a,Pentland Brands,62deef487b212526d1e0448d,,
Speedo,62deef517b212526d1e04540,Pentland Brands,62deef487b212526d1e0448d,,
HOBBS London,62deef527b212526d1e04546,TFG London,62deef4c7b212526d1e044dc,,
Phase eight,62deef527b212526d1e0454c,TFG London,62deef4c7b212526d1e044dc,,
Whistles,62deef527b212526d1e04552,TFG London,62deef4c7b212526d1e044dc,,
Damsel in a Dress,62deef527b212526d1e04558,TFG London,62deef4c7b212526d1e044dc,,
Trader Joe's,62deef537b212526d1e04575,ALDI Nord,62deef537b212526d1e04570,,
ALDO,62deef537b212526d1e04580,ALDO Group International AG,62deef537b212526d1e0457a,,
Call It Spring,62deef547b212526d1e04586,ALDO Group International AG,62deef537b212526d1e0457a,,
GLOBO,62deef547b212526d1e0458c,ALDO Group International AG,62deef537b212526d1e0457a,,
Sam Edelman,62deef577b212526d1e045d2,Caleres,62deef577b212526d1e045cc,,
Famous Footwear,62deef9f7b212526d1e045d8,Caleres,62deef577b212526d1e045cc,,
Naturalizer,62deef9f7b212526d1e045de,Caleres,62deef577b212526d1e045cc,,
Vionic Shoes,62deefa07b212526d1e045e4,Caleres,62deef577b212526d1e045cc,,
Franco Sarto,62deefa07b212526d1e045ea,Caleres,62deef577b212526d1e045cc,,
Allen Edmonds,62deefa07b212526d1e045f0,Caleres,62deef577b212526d1e045cc,,
Bzees,62deefa07b212526d1e045f6,Caleres,62deef577b212526d1e045cc,,
Vince,62deefa07b212526d1e045fc,Caleres,62deef577b212526d1e045cc,,
LifeStride,62deefa17b212526d1e04602,Caleres,62deef577b212526d1e045cc,,
Veronica Beard,62deefa17b212526d1e04608,Caleres,62deef577b212526d1e045cc,,
Dr. Scholl's,62deefa17b212526d1e0460e,Caleres,62deef577b212526d1e045cc,,
Blowfish Malibu,62deefa27b212526d1e04614,Caleres,62deef577b212526d1e045cc,,
Circus NY,62deefa27b212526d1e0461a,Caleres,62deef577b212526d1e045cc,,
Ryka,62deefa37b212526d1e04620,Caleres,62deef577b212526d1e045cc,,
Zodiac Shoes,62deefa37b212526d1e04626,Caleres,62deef577b212526d1e045cc,,
Chaumet,62deefff7b212526d1e047f8,LVMH - Moet Hennessy Louis Vuitton,62deefff7b212526d1e047f2,,
Tag Heuer,62deefff7b212526d1e047fe,LVMH - Moet Hennessy Louis Vuitton,62deefff7b212526d1e047f2,,
Zenith,62deefff7b212526d1e04803,LVMH - Moet Hennessy Louis Vuitton,62deefff7b212526d1e047f2,,
Bulgari,62deefff7b212526d1e04809,LVMH - Moet Hennessy Louis Vuitton,62deefff7b212526d1e047f2,,
Fred Joaillier,62deefff7b212526d1e0480f,LVMH - Moet Hennessy Louis Vuitton,62deefff7b212526d1e047f2,,
Repossi,62deefff7b212526d1e04815,LVMH - Moet Hennessy Louis Vuitton,62deefff7b212526d1e047f2,,
Hublot,62deefff7b212526d1e0481b,LVMH - Moet Hennessy Louis Vuitton,62deefff7b212526d1e047f2,,
Marc Jacobs,62deefff7b212526d1e04821,LVMH - Moet Hennessy Louis Vuitton,62deefff7b212526d1e047f2,,
Kenzo,62def0007b212526d1e04827,LVMH - Moet Hennessy Louis Vuitton,62deefff7b212526d1e047f2,,
Givenchy,62def0007b212526d1e0482d,LVMH - Moet Hennessy Louis Vuitton,62deefff7b212526d1e047f2,,
Emilio Pucci,62def0007b212526d1e04833,LVMH - Moet Hennessy Louis Vuitton,62deefff7b212526d1e047f2,,
Christian Dior,62def0017b212526d1e04839,LVMH - Moet Hennessy Louis Vuitton,62deefff7b212526d1e047f2,,
Celine,62def0017b212526d1e0483f,LVMH - Moet Hennessy Louis Vuitton,62deefff7b212526d1e047f2,,
Loro Piana,62def0017b212526d1e04845,LVMH - Moet Hennessy Louis Vuitton,62deefff7b212526d1e047f2,,
Fendi,62def0027b212526d1e0484b,LVMH - Moet Hennessy Louis Vuitton,62deefff7b212526d1e047f2,,
Patou,62def0027b212526d1e04851,LVMH - Moet Hennessy Louis Vuitton,62deefff7b212526d1e047f2,,
Rimowa,62def0027b212526d1e04857,LVMH - Moet Hennessy Louis Vuitton,62deefff7b212526d1e047f2,,
Berluti,62def0027b212526d1e0485d,LVMH - Moet Hennessy Louis Vuitton,62deefff7b212526d1e047f2,,
Louis Vuitton,62def0027b212526d1e04863,LVMH - Moet Hennessy Louis Vuitton,62deefff7b212526d1e047f2,,
Loewe,62def0027b212526d1e0486f,LVMH - Moet Hennessy Louis Vuitton,62deefff7b212526d1e047f2,,
Moynat,62def0037b212526d1e04875,LVMH - Moet Hennessy Louis Vuitton,62deefff7b212526d1e047f2,,
Sephora,62def0037b212526d1e0487b,LVMH - Moet Hennessy Louis Vuitton,62deefff7b212526d1e047f2,,
Clos des Lambrays,62def0037b212526d1e04881,LVMH - Moet Hennessy Louis Vuitton,62deefff7b212526d1e047f2,,
ChÃ¢teau d'Yquem,62def0037b212526d1e04887,LVMH - Moet Hennessy Louis Vuitton,62deefff7b212526d1e047f2,,
Dom PÃ©rignon,62def0037b212526d1e0488d,LVMH - Moet Hennessy Louis Vuitton,62deefff7b212526d1e047f2,,
Maison Ruinart,62def0037b212526d1e04893,LVMH - Moet Hennessy Louis Vuitton,62deefff7b212526d1e047f2,,
MoÃ«t & Chandon,62def0047b212526d1e04899,LVMH - Moet Hennessy Louis Vuitton,62deefff7b212526d1e047f2,,
Hennessy,62def0047b212526d1e0489f,LVMH - Moet Hennessy Louis Vuitton,62deefff7b212526d1e047f2,,
Veuve Clicquot,62def0047b212526d1e048a5,LVMH - Moet Hennessy Louis Vuitton,62deefff7b212526d1e047f2,,
Ardbeg,62def0057b212526d1e048ab,LVMH - Moet Hennessy Louis Vuitton,62deefff7b212526d1e047f2,,
ChÃ¢teau Cheval Blanc's,62def0057b212526d1e048b1,LVMH - Moet Hennessy Louis Vuitton,62deefff7b212526d1e047f2,,
Glenmorangie,62def0057b212526d1e048b7,LVMH - Moet Hennessy Louis Vuitton,62deefff7b212526d1e047f2,,
Krug,62def0057b212526d1e048bd,LVMH - Moet Hennessy Louis Vuitton,62deefff7b212526d1e047f2,,
Mercier,62def0067b212526d1e048c3,LVMH - Moet Hennessy Louis Vuitton,62deefff7b212526d1e047f2,,
Cape Mentelle,62def0067b212526d1e048c9,LVMH - Moet Hennessy Louis Vuitton,62deefff7b212526d1e047f2,,
Newton Vineyard,62def0067b212526d1e048cf,LVMH - Moet Hennessy Louis Vuitton,62deefff7b212526d1e047f2,,
Cloudy Bay,62def0077b212526d1e048d5,LVMH - Moet Hennessy Louis Vuitton,62deefff7b212526d1e047f2,,
Belvedere,62def0077b212526d1e048db,LVMH - Moet Hennessy Louis Vuitton,62deefff7b212526d1e047f2,,
Terrazas De Los Andes,62def0077b212526d1e048e1,LVMH - Moet Hennessy Louis Vuitton,62deefff7b212526d1e047f2,,
Bodega Numanthia,62def0077b212526d1e048e7,LVMH - Moet Hennessy Louis Vuitton,62deefff7b212526d1e047f2,,
Cheval des Andes,62def0077b212526d1e048ed,LVMH - Moet Hennessy Louis Vuitton,62deefff7b212526d1e047f2,,
Woodinville,62def0077b212526d1e048f3,LVMH - Moet Hennessy Louis Vuitton,62deefff7b212526d1e047f2,,
Ao Yun,62def0087b212526d1e048fb,LVMH - Moet Hennessy Louis Vuitton,62deefff7b212526d1e047f2,,
Clos19,62def0087b212526d1e04901,LVMH - Moet Hennessy Louis Vuitton,62deefff7b212526d1e047f2,,
Volcan de mi Tierra,62def0087b212526d1e04907,LVMH - Moet Hennessy Louis Vuitton,62deefff7b212526d1e047f2,,
Officine Universelle Buly,62def0097b212526d1e0490d,LVMH - Moet Hennessy Louis Vuitton,62deefff7b212526d1e047f2,,
Guerlain,62def0097b212526d1e04915,LVMH - Moet Hennessy Louis Vuitton,62deefff7b212526d1e047f2,,
Acqua Di Parma,62def0097b212526d1e0491e,LVMH - Moet Hennessy Louis Vuitton,62deefff7b212526d1e047f2,,
Parfums Christian Dior,62def00a7b212526d1e04924,LVMH - Moet Hennessy Louis Vuitton,62deefff7b212526d1e047f2,,
Perfumes Loewe,62def00a7b212526d1e04929,LVMH - Moet Hennessy Louis Vuitton,62deefff7b212526d1e047f2,,
Benefit Cosmetics,62def00a7b212526d1e0492e,LVMH - Moet Hennessy Louis Vuitton,62deefff7b212526d1e047f2,,
Make Up For Ever,62def00b7b212526d1e04936,LVMH - Moet Hennessy Louis Vuitton,62deefff7b212526d1e047f2,,
Kenzo Parfums,62def00b7b212526d1e0493c,LVMH - Moet Hennessy Louis Vuitton,62deefff7b212526d1e047f2,,
Fresh,62def00b7b212526d1e04944,LVMH - Moet Hennessy Louis Vuitton,62deefff7b212526d1e047f2,,
KVD Vegan Beauty,62def00b7b212526d1e04949,LVMH - Moet Hennessy Louis Vuitton,62deefff7b212526d1e047f2,,
Maison Francis Kurkdjian,62def00b7b212526d1e0494f,LVMH - Moet Hennessy Louis Vuitton,62deefff7b212526d1e047f2,,
Fenty Beauty by Rihanna,62def00b7b212526d1e04955,LVMH - Moet Hennessy Louis Vuitton,62deefff7b212526d1e047f2,,
Starboard Cruise Services,62def00b7b212526d1e0495d,LVMH - Moet Hennessy Louis Vuitton,62deefff7b212526d1e047f2,,
DFS,62def00c7b212526d1e04961,LVMH - Moet Hennessy Louis Vuitton,62deefff7b212526d1e047f2,,
Tarte cosmetics,62def00c7b212526d1e0496b,KOSE Corporation,621b996e5f87e75f5365c6ad,,
shopDisney,62def00d7b212526d1e04973,The Walt Disney Company,621b99325f87e75f5365a3ad,,
Food Lion,62def10e7b212526d1e05b10,Ahold Delhaize USA,62def10b7b212526d1e05ad7,,
Fresh Direct,62def10e7b212526d1e05b15,Ahold Delhaize USA,62def10b7b212526d1e05ad7,,
Hannaford,62def10f7b212526d1e05b1a,Ahold Delhaize USA,62def10b7b212526d1e05ad7,,
Comfort Zone,62def10f7b212526d1e05b1f,Davines.com - North America,621b99815f87e75f5365d195,,
sony music,62def2177b212526d1e0757f,Sony,621b996b5f87e75f5365c4f1,,
Sony Electronics Inc.,62def22f7b212526d1e07720,Sony,621b996b5f87e75f5365c4f1,,
Sony Pictures Entertainment Inc.,62def23c7b212526d1e07840,Sony,621b996b5f87e75f5365c4f1,,
Sony Interactive Entertainment LLC,62def2497b212526d1e0796a,Sony,621b996b5f87e75f5365c4f1,,
Walgreens Co.,62def2787b212526d1e07d0b,Walgreens Boots Alliance,621b993c5f87e75f5365a999,,
365 Everyday Value,62def3137b212526d1e0842f,Amazon,621b992f5f87e75f5365a1d1,,
O Organics,62def3ab7b212526d1e08e55,Albertsons Companies,621b99625f87e75f5365bf45,,
Pottery Barn Kids,62def3ad7b212526d1e08eba,Williams-Sonoma,621b993d5f87e75f5365a9b9,,
Publix Greenwise,62def3ad7b212526d1e08ebf,Publix,621b99675f87e75f5365c289,,
"Nissan North America, Inc.",62def3af7b212526d1e08f00,Nissan Motor Co.,621b996b5f87e75f5365c4dd,,
ACME Markets,62def3ee7b212526d1e0a119,Albertsons Companies,621b99625f87e75f5365bf45,,
Albertsons,62def3ee7b212526d1e0a11e,Albertsons Companies,621b99625f87e75f5365bf45,,
Albertsons Market,62def3ee7b212526d1e0a123,Albertsons Companies,621b99625f87e75f5365bf45,,
Amigos,62def3ee7b212526d1e0a128,Albertsons Companies,621b99625f87e75f5365bf45,,
Adronico's Community Market,62def3ee7b212526d1e0a12d,Albertsons Companies,621b99625f87e75f5365bf45,,
Balducci's,62def3ee7b212526d1e0a132,Albertsons Companies,621b99625f87e75f5365bf45,,
Carr's-Safeway,62def3ee7b212526d1e0a137,Albertsons Companies,621b99625f87e75f5365bf45,,
Haggen,62def3ee7b212526d1e0a13c,Albertsons Companies,621b99625f87e75f5365bf45,,
Jewel Osco,62def3ee7b212526d1e0a141,Albertsons Companies,621b99625f87e75f5365bf45,,
Kings Food Market,62def3ee7b212526d1e0a146,Albertsons Companies,621b99625f87e75f5365bf45,,
Lucky Low Prices,62def3ee7b212526d1e0a14b,Albertsons Companies,621b99625f87e75f5365bf45,,
Market Street,62def3ee7b212526d1e0a150,Albertsons Companies,621b99625f87e75f5365bf45,,
Pavilions,62def3ee7b212526d1e0a155,Albertsons Companies,621b99625f87e75f5365bf45,,
Randalls,62def3ee7b212526d1e0a15a,Albertsons Companies,621b99625f87e75f5365bf45,,
Safeway,62def3ee7b212526d1e0a15f,Albertsons Companies,621b99625f87e75f5365bf45,,
Shaws,62def3ee7b212526d1e0a164,Albertsons Companies,621b99625f87e75f5365bf45,,
Star Market,62def3ee7b212526d1e0a169,Albertsons Companies,621b99625f87e75f5365bf45,,
Tom Thumb,62def3ee7b212526d1e0a16e,Albertsons Companies,621b99625f87e75f5365bf45,,
United Supermarkets,62def3ee7b212526d1e0a173,Albertsons Companies,621b99625f87e75f5365bf45,,
Vons,62def3ee7b212526d1e0a178,Albertsons Companies,621b99625f87e75f5365bf45,,
Olive Garden,62def3f17b212526d1e0a1e1,Darden Restaurants,621b99325f87e75f5365a3b5,,
LongHorn Steakhouse,62def3f17b212526d1e0a1e6,Darden Restaurants,621b99325f87e75f5365a3b5,,
Cheddarâ€™s Scratch Kitchen,62def3f27b212526d1e0a1eb,Darden Restaurants,621b99325f87e75f5365a3b5,,
Yard House,62def3f27b212526d1e0a1f0,Darden Restaurants,621b99325f87e75f5365a3b5,,
The Capital Grille,62def3f27b212526d1e0a1f5,Darden Restaurants,621b99325f87e75f5365a3b5,,
Seasons 52,62def3f27b212526d1e0a1fa,Darden Restaurants,621b99325f87e75f5365a3b5,,
Bahama Breeze,62def3f27b212526d1e0a1ff,Darden Restaurants,621b99325f87e75f5365a3b5,,
Eddie V's,62def3f27b212526d1e0a204,Darden Restaurants,621b99325f87e75f5365a3b5,,